<?xml version="1.0" encoding="UTF-8"?>
<metadata xml:lang="fr"><Esri><CreaDate>20230612</CreaDate><CreaTime>19044300</CreaTime><ArcGISFormat>1.0</ArcGISFormat><SyncOnce>FALSE</SyncOnce><DataProperties><lineage><Process ToolSource="c:\program files\arcgis\pro\Resources\ArcToolbox\toolboxes\Conversion Tools.tbx\FeatureClassToFeatureClass" Date="20210526" Time="215134">FeatureClassToFeatureClass bndl_join1 C:\Users\paulf\Documents\ArcGIS\Projects\UN_WORK\UN_WORK.gdb bndl_join2 # "ISO3CD "ISO3CD" true true false 7 Text 0 0,First,#,bndl_join1,bndl_join1.ISO3CD,0,7;GlobalID "GlobalID" false false false 38 GlobalID 0 0,First,#,bndl_join1,bndl_join1.GlobalID,-1,-1;BDYTYP "BDYTYP" true true false 2 Short 0 0,First,#,bndl_join1,bndl_join1.BDYTYP,-1,-1;ISO3CD_1 "ISO3CD_1" true true false 512 Text 0 0,First,#,bndl_join1,bndl_join1.ISO3CD_1,0,512;ISO3CD_2 "ISO3CD_2" true true false 512 Text 0 0,First,#,bndl_join1,bndl_join1.ISO3CD_2,0,512;OBJECTID "OBJECTID" true true false 4 Long 0 0,First,#,bndl_join1,bndl_join1.OBJECTID,-1,-1;ISO3CD_12 "ISO3CD" true true false 3 Text 0 0,First,#,bndl_join1,bndl_join1.ISO3CD_12,0,3;ISOADM "ISOADM" true true false 3 Text 0 0,First,#,bndl_join1,bndl_join1.ISOADM,0,3;M49_CD "M49 codes" true true false 3 Text 0 0,First,#,bndl_join1,bndl_join1.M49_CD,0,3;NAM_EN "Name (En.)" true true false 100 Text 0 0,First,#,bndl_join1,bndl_join1.NAM_EN,0,100;ISO2CD "ISO2CD" true true false 8000 Text 0 0,First,#,bndl_join1,bndl_join1.ISO2CD,0,8000;Shape_Length "Shape_Length" false true true 8 Double 0 0,First,#,bndl_join1,bndl_join1.Shape_Length,-1,-1;OBJECTID_1 "OBJECTID" false true false 4 Long 0 9,First,#,bndl_join1,m49_iso32_isoadm_nameng.OBJECTID,-1,-1;ISO3CD_12_13 "ISO3CD" true true false 3 Text 0 0,First,#,bndl_join1,m49_iso32_isoadm_nameng.ISO3CD,0,3;ISOADM_1 "ISOADM" true true false 3 Text 0 0,First,#,bndl_join1,m49_iso32_isoadm_nameng.ISOADM,0,3;M49_CD_1 "M49 codes" true true false 3 Text 0 0,First,#,bndl_join1,m49_iso32_isoadm_nameng.M49_CD,0,3;NAM_EN_1 "Name (En.)" true true false 100 Text 0 0,First,#,bndl_join1,m49_iso32_isoadm_nameng.NAM_EN,0,100;ISO2CD_1 "ISO2CD" true true false 8000 Text 0 0,First,#,bndl_join1,m49_iso32_isoadm_nameng.ISO2CD,0,8000" #</Process><Process ToolSource="c:\program files\arcgis\pro\Resources\ArcToolbox\toolboxes\Data Management Tools.tbx\UpdateSchema" Date="20210526" Time="215720">UpdateSchema "CIMDATA=&lt;CIMStandardDataConnection xsi:type='typens:CIMStandardDataConnection' xmlns:xsi='http://www.w3.org/2001/XMLSchema-instance' xmlns:xs='http://www.w3.org/2001/XMLSchema' xmlns:typens='http://www.esri.com/schemas/ArcGIS/2.8.0'&gt;&lt;WorkspaceConnectionString&gt;DATABASE=C:\Users\paulf\Documents\ArcGIS\Projects\UN_WORK\UN_WORK.gdb&lt;/WorkspaceConnectionString&gt;&lt;WorkspaceFactory&gt;FileGDB&lt;/WorkspaceFactory&gt;&lt;Dataset&gt;bndl_join2&lt;/Dataset&gt;&lt;DatasetType&gt;esriDTFeatureClass&lt;/DatasetType&gt;&lt;/CIMStandardDataConnection&gt;" &lt;operationSequence&gt;&lt;workflow&gt;&lt;AlterField&gt;&lt;field_name&gt;ISOADM_1&lt;/field_name&gt;&lt;new_field_name&gt;ISOADM_1&lt;/new_field_name&gt;&lt;field_type&gt;TEXT&lt;/field_type&gt;&lt;field_is_nullable&gt;True&lt;/field_is_nullable&gt;&lt;clear_field_alias&gt;False&lt;/clear_field_alias&gt;&lt;/AlterField&gt;&lt;/workflow&gt;&lt;workflow&gt;&lt;AlterField&gt;&lt;field_name&gt;M49_CD_1&lt;/field_name&gt;&lt;new_field_name&gt;M49_CD_1&lt;/new_field_name&gt;&lt;field_type&gt;TEXT&lt;/field_type&gt;&lt;field_is_nullable&gt;True&lt;/field_is_nullable&gt;&lt;clear_field_alias&gt;False&lt;/clear_field_alias&gt;&lt;/AlterField&gt;&lt;/workflow&gt;&lt;workflow&gt;&lt;AlterField&gt;&lt;field_name&gt;NAM_EN_1&lt;/field_name&gt;&lt;new_field_name&gt;NAM_EN_1&lt;/new_field_name&gt;&lt;field_type&gt;TEXT&lt;/field_type&gt;&lt;field_is_nullable&gt;True&lt;/field_is_nullable&gt;&lt;clear_field_alias&gt;False&lt;/clear_field_alias&gt;&lt;/AlterField&gt;&lt;/workflow&gt;&lt;workflow&gt;&lt;AlterField&gt;&lt;field_name&gt;ISO2CD_1&lt;/field_name&gt;&lt;new_field_name&gt;ISO2CD_1&lt;/new_field_name&gt;&lt;field_type&gt;TEXT&lt;/field_type&gt;&lt;field_is_nullable&gt;True&lt;/field_is_nullable&gt;&lt;clear_field_alias&gt;False&lt;/clear_field_alias&gt;&lt;/AlterField&gt;&lt;/workflow&gt;&lt;workflow&gt;&lt;AlterField&gt;&lt;field_name&gt;OBJECTID_1&lt;/field_name&gt;&lt;new_field_name&gt;OBJECTID_2&lt;/new_field_name&gt;&lt;field_is_nullable&gt;True&lt;/field_is_nullable&gt;&lt;clear_field_alias&gt;False&lt;/clear_field_alias&gt;&lt;/AlterField&gt;&lt;/workflow&gt;&lt;workflow&gt;&lt;AlterField&gt;&lt;field_name&gt;ISOADM_1&lt;/field_name&gt;&lt;new_field_name&gt;ISOADM_2&lt;/new_field_name&gt;&lt;field_type&gt;TEXT&lt;/field_type&gt;&lt;field_is_nullable&gt;True&lt;/field_is_nullable&gt;&lt;clear_field_alias&gt;False&lt;/clear_field_alias&gt;&lt;/AlterField&gt;&lt;/workflow&gt;&lt;workflow&gt;&lt;AlterField&gt;&lt;field_name&gt;M49_CD_1&lt;/field_name&gt;&lt;new_field_name&gt;M49_CD_2&lt;/new_field_name&gt;&lt;field_type&gt;TEXT&lt;/field_type&gt;&lt;field_is_nullable&gt;True&lt;/field_is_nullable&gt;&lt;clear_field_alias&gt;False&lt;/clear_field_alias&gt;&lt;/AlterField&gt;&lt;/workflow&gt;&lt;workflow&gt;&lt;AlterField&gt;&lt;field_name&gt;NAM_EN_1&lt;/field_name&gt;&lt;new_field_name&gt;NAM_EN_2&lt;/new_field_name&gt;&lt;field_type&gt;TEXT&lt;/field_type&gt;&lt;field_is_nullable&gt;True&lt;/field_is_nullable&gt;&lt;clear_field_alias&gt;False&lt;/clear_field_alias&gt;&lt;/AlterField&gt;&lt;/workflow&gt;&lt;workflow&gt;&lt;AlterField&gt;&lt;field_name&gt;ISO2CD_1&lt;/field_name&gt;&lt;new_field_name&gt;ISO2CD_2&lt;/new_field_name&gt;&lt;field_type&gt;TEXT&lt;/field_type&gt;&lt;field_is_nullable&gt;True&lt;/field_is_nullable&gt;&lt;clear_field_alias&gt;False&lt;/clear_field_alias&gt;&lt;/AlterField&gt;&lt;/workflow&gt;&lt;/operationSequence&gt;</Process><Process ToolSource="c:\program files\arcgis\pro\Resources\ArcToolbox\toolboxes\Data Management Tools.tbx\UpdateSchema" Date="20210526" Time="215858">UpdateSchema "CIMDATA=&lt;CIMStandardDataConnection xsi:type='typens:CIMStandardDataConnection' xmlns:xsi='http://www.w3.org/2001/XMLSchema-instance' xmlns:xs='http://www.w3.org/2001/XMLSchema' xmlns:typens='http://www.esri.com/schemas/ArcGIS/2.8.0'&gt;&lt;WorkspaceConnectionString&gt;DATABASE=C:\Users\paulf\Documents\ArcGIS\Projects\UN_WORK\UN_WORK.gdb&lt;/WorkspaceConnectionString&gt;&lt;WorkspaceFactory&gt;FileGDB&lt;/WorkspaceFactory&gt;&lt;Dataset&gt;bndl_join2&lt;/Dataset&gt;&lt;DatasetType&gt;esriDTFeatureClass&lt;/DatasetType&gt;&lt;/CIMStandardDataConnection&gt;" &lt;operationSequence&gt;&lt;workflow&gt;&lt;AlterField&gt;&lt;field_name&gt;ISOADM&lt;/field_name&gt;&lt;new_field_name&gt;ISOADM_1&lt;/new_field_name&gt;&lt;field_type&gt;TEXT&lt;/field_type&gt;&lt;field_is_nullable&gt;True&lt;/field_is_nullable&gt;&lt;clear_field_alias&gt;False&lt;/clear_field_alias&gt;&lt;/AlterField&gt;&lt;/workflow&gt;&lt;/operationSequence&gt;</Process><Process ToolSource="c:\program files\arcgis\pro\Resources\ArcToolbox\toolboxes\Data Management Tools.tbx\UpdateSchema" Date="20210526" Time="220052">UpdateSchema "CIMDATA=&lt;CIMStandardDataConnection xsi:type='typens:CIMStandardDataConnection' xmlns:xsi='http://www.w3.org/2001/XMLSchema-instance' xmlns:xs='http://www.w3.org/2001/XMLSchema' xmlns:typens='http://www.esri.com/schemas/ArcGIS/2.8.0'&gt;&lt;WorkspaceConnectionString&gt;DATABASE=C:\Users\paulf\Documents\ArcGIS\Projects\UN_WORK\UN_WORK.gdb&lt;/WorkspaceConnectionString&gt;&lt;WorkspaceFactory&gt;FileGDB&lt;/WorkspaceFactory&gt;&lt;Dataset&gt;bndl_join2&lt;/Dataset&gt;&lt;DatasetType&gt;esriDTFeatureClass&lt;/DatasetType&gt;&lt;/CIMStandardDataConnection&gt;" &lt;operationSequence&gt;&lt;workflow&gt;&lt;AlterField&gt;&lt;field_name&gt;ISO2CD&lt;/field_name&gt;&lt;new_field_name&gt;ISO2CD_1&lt;/new_field_name&gt;&lt;field_type&gt;TEXT&lt;/field_type&gt;&lt;field_is_nullable&gt;True&lt;/field_is_nullable&gt;&lt;clear_field_alias&gt;False&lt;/clear_field_alias&gt;&lt;/AlterField&gt;&lt;/workflow&gt;&lt;/operationSequence&gt;</Process><Process ToolSource="c:\program files\arcgis\pro\Resources\ArcToolbox\toolboxes\Data Management Tools.tbx\CalculateField" Date="20210526" Time="221848">CalculateField bndl_join2 ISO2CD_computed compute_iso2cd(!ISO2CD_1!) "Python 3" "
def compute_iso2cd(a):
   return a" Text NO_ENFORCE_DOMAINS</Process><Process ToolSource="c:\program files\arcgis\pro\Resources\ArcToolbox\toolboxes\Data Management Tools.tbx\DeleteField" Date="20210526" Time="221858">DeleteField bndl_join2 ISO2CD_computed</Process><Process ToolSource="c:\program files\arcgis\pro\Resources\ArcToolbox\toolboxes\Data Management Tools.tbx\DeleteField" Date="20210526" Time="222315">DeleteField bndl_join2 ISO2CD_computed</Process><Process ToolSource="c:\program files\arcgis\pro\Resources\ArcToolbox\toolboxes\Data Management Tools.tbx\CalculateField" Date="20210526" Time="222339">CalculateField bndl_join2 ISO2CD_computed compute_iso2cd(!ISO2CD_1!,!ISO2CD_2!) "Python 3" "
def compute_iso2cd(a,b):
  if a is not None and b is not None:
    return a + '_' + b
  elif a is not None and b is None:
    return a
  else:
    return None" Text NO_ENFORCE_DOMAINS</Process><Process ToolSource="c:\program files\arcgis\pro\Resources\ArcToolbox\toolboxes\Data Management Tools.tbx\CalculateField" Date="20210526" Time="222701">CalculateField bndl_join2 M49_computed compute_iso2cd(!M49_CD!,!M49_CD_2!) "Python 3" "
def compute_iso2cd(a,b):
  if a is not None and b is not None:
    return a + '_' + b
  elif a is not None and b is None:
    return a
  else:
    return None" Text NO_ENFORCE_DOMAINS</Process><Process ToolSource="c:\program files\arcgis\pro\Resources\ArcToolbox\toolboxes\Data Management Tools.tbx\DeleteField" Date="20210526" Time="222915">DeleteField bndl_join2 ISOADM_computed</Process><Process ToolSource="c:\program files\arcgis\pro\Resources\ArcToolbox\toolboxes\Data Management Tools.tbx\CalculateField" Date="20210526" Time="223003">CalculateField bndl_join2 ISOADM_computed compute_iso2cd(!ISOADM_1!,!ISOADM_2!) "Python 3" "
def compute_iso2cd(a,b):
  if a is not None and b is not None:
    return a + '_' + b
  elif a is not None and b is None:
    return a
  else:
    return None" Text NO_ENFORCE_DOMAINS</Process><Process ToolSource="c:\program files\arcgis\pro\Resources\ArcToolbox\toolboxes\Data Management Tools.tbx\CalculateField" Date="20210526" Time="223210">CalculateField bndl_join2 Name_computed compute_iso2cd(!NAM_EN!,!NAM_EN_2!) "Python 3" "
def compute_iso2cd(a,b):
  if a is not None and b is not None:
    return a + '_' + b
  elif a is not None and b is None:
    return a
  else:
    return None" Text NO_ENFORCE_DOMAINS</Process><Process ToolSource="c:\program files\arcgis\pro\Resources\ArcToolbox\toolboxes\Data Management Tools.tbx\UpdateSchema" Date="20210526" Time="224154">UpdateSchema "CIMDATA=&lt;CIMStandardDataConnection xsi:type='typens:CIMStandardDataConnection' xmlns:xsi='http://www.w3.org/2001/XMLSchema-instance' xmlns:xs='http://www.w3.org/2001/XMLSchema' xmlns:typens='http://www.esri.com/schemas/ArcGIS/2.8.0'&gt;&lt;WorkspaceConnectionString&gt;DATABASE=C:\Users\paulf\Documents\ArcGIS\Projects\UN_WORK\UN_WORK.gdb&lt;/WorkspaceConnectionString&gt;&lt;WorkspaceFactory&gt;FileGDB&lt;/WorkspaceFactory&gt;&lt;Dataset&gt;bndl_join2&lt;/Dataset&gt;&lt;DatasetType&gt;esriDTFeatureClass&lt;/DatasetType&gt;&lt;/CIMStandardDataConnection&gt;" &lt;operationSequence&gt;&lt;workflow&gt;&lt;DeleteField&gt;&lt;field_name&gt;ISO3CD_1&lt;/field_name&gt;&lt;field_name&gt;ISO3CD_2&lt;/field_name&gt;&lt;field_name&gt;OBJECTID&lt;/field_name&gt;&lt;field_name&gt;ISO3CD_12&lt;/field_name&gt;&lt;field_name&gt;OBJECTID_2&lt;/field_name&gt;&lt;field_name&gt;ISO3CD_12_13&lt;/field_name&gt;&lt;field_name&gt;ISOADM_2&lt;/field_name&gt;&lt;field_name&gt;M49_CD_2&lt;/field_name&gt;&lt;field_name&gt;NAM_EN_2&lt;/field_name&gt;&lt;field_name&gt;ISO2CD_2&lt;/field_name&gt;&lt;field_name&gt;ISOADM_1&lt;/field_name&gt;&lt;field_name&gt;M49_CD&lt;/field_name&gt;&lt;field_name&gt;NAM_EN&lt;/field_name&gt;&lt;field_name&gt;ISO2CD_1&lt;/field_name&gt;&lt;/DeleteField&gt;&lt;/workflow&gt;&lt;/operationSequence&gt;</Process><Process ToolSource="c:\program files\arcgis\pro\Resources\ArcToolbox\toolboxes\Data Management Tools.tbx\UpdateSchema" Date="20210526" Time="224434">UpdateSchema "CIMDATA=&lt;CIMStandardDataConnection xsi:type='typens:CIMStandardDataConnection' xmlns:xsi='http://www.w3.org/2001/XMLSchema-instance' xmlns:xs='http://www.w3.org/2001/XMLSchema' xmlns:typens='http://www.esri.com/schemas/ArcGIS/2.8.0'&gt;&lt;WorkspaceConnectionString&gt;DATABASE=C:\Users\paulf\Documents\ArcGIS\Projects\UN_WORK\UN_WORK.gdb&lt;/WorkspaceConnectionString&gt;&lt;WorkspaceFactory&gt;FileGDB&lt;/WorkspaceFactory&gt;&lt;Dataset&gt;bndl_join2&lt;/Dataset&gt;&lt;DatasetType&gt;esriDTFeatureClass&lt;/DatasetType&gt;&lt;/CIMStandardDataConnection&gt;" &lt;operationSequence&gt;&lt;workflow&gt;&lt;AlterField&gt;&lt;field_name&gt;ISO2CD_computed&lt;/field_name&gt;&lt;new_field_name&gt;ISO2CD&lt;/new_field_name&gt;&lt;field_type&gt;TEXT&lt;/field_type&gt;&lt;field_is_nullable&gt;True&lt;/field_is_nullable&gt;&lt;clear_field_alias&gt;False&lt;/clear_field_alias&gt;&lt;/AlterField&gt;&lt;/workflow&gt;&lt;workflow&gt;&lt;AlterField&gt;&lt;field_name&gt;M49_computed&lt;/field_name&gt;&lt;new_field_name&gt;M49_CD&lt;/new_field_name&gt;&lt;field_type&gt;TEXT&lt;/field_type&gt;&lt;field_is_nullable&gt;True&lt;/field_is_nullable&gt;&lt;clear_field_alias&gt;False&lt;/clear_field_alias&gt;&lt;/AlterField&gt;&lt;/workflow&gt;&lt;workflow&gt;&lt;AlterField&gt;&lt;field_name&gt;ISOADM_computed&lt;/field_name&gt;&lt;new_field_name&gt;ISOADM&lt;/new_field_name&gt;&lt;field_type&gt;TEXT&lt;/field_type&gt;&lt;field_is_nullable&gt;True&lt;/field_is_nullable&gt;&lt;clear_field_alias&gt;False&lt;/clear_field_alias&gt;&lt;/AlterField&gt;&lt;/workflow&gt;&lt;workflow&gt;&lt;AlterField&gt;&lt;field_name&gt;Name_computed&lt;/field_name&gt;&lt;new_field_name&gt;NAM_ENG&lt;/new_field_name&gt;&lt;field_type&gt;TEXT&lt;/field_type&gt;&lt;field_is_nullable&gt;True&lt;/field_is_nullable&gt;&lt;clear_field_alias&gt;False&lt;/clear_field_alias&gt;&lt;/AlterField&gt;&lt;/workflow&gt;&lt;/operationSequence&gt;</Process><Process ToolSource="c:\program files\arcgis\pro\Resources\ArcToolbox\toolboxes\Data Management Tools.tbx\CopyMultiple" Date="20210526" Time="224536">CopyMultiple "C:\Users\paulf\Documents\ArcGIS\Projects\UN_WORK\UN_WORK.gdb\bndl_join2 FeatureClass" C:\Users\paulf\Documents\JOBS\ONU\maj_stylized\2021geodata\geodata.un.org.gdb\UNgeodata_stylized bndl_join2 "bndl_join2 FeatureClass bndl_join2 #"</Process><Process ToolSource="c:\program files\arcgis\pro\Resources\ArcToolbox\toolboxes\Data Management Tools.tbx\Rename" Date="20210526" Time="230254">Rename C:\Users\paulf\Documents\JOBS\ONU\maj_stylized\2021geodata\geodata.un.org.gdb\UNgeodata_stylized\bndl_join2 C:\Users\paulf\Documents\JOBS\ONU\maj_stylized\2021geodata\geodata.un.org.gdb\UNgeodata_stylized\BNDL_stylized FeatureClass</Process><Process ToolSource="c:\program files\arcgis\pro\Resources\ArcToolbox\toolboxes\Conversion Tools.tbx\FeatureClassToFeatureClass" Date="20210526" Time="230718">FeatureClassToFeatureClass bndl_join2 C:\Users\paulf\Documents\ArcGIS\Projects\UN_WORK\UN_WORK.gdb BNDL_stylized # "ISO3CD "ISO3CD" true true false 7 Text 0 0,First,#,bndl_join2,ISO3CD,0,7;GlobalID "GlobalID" false false false 38 GlobalID 0 0,First,#,bndl_join2,GlobalID,-1,-1;BDYTYP "BDYTYP" true true false 2 Short 0 0,First,#,bndl_join2,BDYTYP,-1,-1;ISO2CD "ISO2CD" true true false 512 Text 0 0,First,#,bndl_join2,ISO2CD,0,512;M49_CD "M49" true true false 512 Text 0 0,First,#,bndl_join2,M49_CD,0,512;ISOADM "ISOADM" true true false 512 Text 0 0,First,#,bndl_join2,ISOADM,0,512;NAM_ENG "Name" true true false 512 Text 0 0,First,#,bndl_join2,NAM_ENG,0,512;Shape_Length "Shape_Length" false true true 8 Double 0 0,First,#,bndl_join2,Shape_Length,-1,-1" #</Process><Process ToolSource="c:\program files\arcgis\pro\Resources\ArcToolbox\toolboxes\Data Management Tools.tbx\CopyMultiple" Date="20210526" Time="230734">CopyMultiple "C:\Users\paulf\Documents\ArcGIS\Projects\UN_WORK\UN_WORK.gdb\BNDL_stylized FeatureClass" C:\Users\paulf\Documents\JOBS\ONU\maj_stylized\2021geodata\geodata.un.org.gdb\UNgeodata_stylized BNDL_stylized "BNDL_stylized FeatureClass BNDL_stylized #"</Process><Process ToolSource="c:\program files\arcgis\pro\Resources\ArcToolbox\Toolboxes\Data Management Tools.tbx\UpdateSchema" Date="20210527" Time="234103">UpdateSchema "CIMDATA=&lt;CIMFeatureDatasetDataConnection xsi:type='typens:CIMFeatureDatasetDataConnection' xmlns:xsi='http://www.w3.org/2001/XMLSchema-instance' xmlns:xs='http://www.w3.org/2001/XMLSchema' xmlns:typens='http://www.esri.com/schemas/ArcGIS/2.8.0'&gt;&lt;FeatureDataset&gt;UNgeodata_stylized&lt;/FeatureDataset&gt;&lt;WorkspaceConnectionString&gt;DATABASE=C:\Users\paulf\Documents\JOBS\ONU\maj_stylized\2021geodata\geodata.un.org.gdb&lt;/WorkspaceConnectionString&gt;&lt;WorkspaceFactory&gt;FileGDB&lt;/WorkspaceFactory&gt;&lt;Dataset&gt;BNDL_stylized&lt;/Dataset&gt;&lt;DatasetType&gt;esriDTFeatureClass&lt;/DatasetType&gt;&lt;/CIMFeatureDatasetDataConnection&gt;" &lt;operationSequence&gt;&lt;workflow&gt;&lt;DeleteField&gt;&lt;field_name&gt;ISOADM&lt;/field_name&gt;&lt;/DeleteField&gt;&lt;/workflow&gt;&lt;/operationSequence&gt;</Process><Process ToolSource="c:\program files\arcgis\pro\Resources\ArcToolbox\Toolboxes\Data Management Tools.tbx\UpdateSchema" Date="20210602" Time="194715">UpdateSchema "CIMDATA=&lt;CIMFeatureDatasetDataConnection xsi:type='typens:CIMFeatureDatasetDataConnection' xmlns:xsi='http://www.w3.org/2001/XMLSchema-instance' xmlns:xs='http://www.w3.org/2001/XMLSchema' xmlns:typens='http://www.esri.com/schemas/ArcGIS/2.8.0'&gt;&lt;FeatureDataset&gt;UNgeodata_stylized&lt;/FeatureDataset&gt;&lt;WorkspaceConnectionString&gt;DATABASE=C:\Users\paulf\Documents\JOBS\ONU\maj_stylized\2021geodata\geodata.un.org.gdb&lt;/WorkspaceConnectionString&gt;&lt;WorkspaceFactory&gt;FileGDB&lt;/WorkspaceFactory&gt;&lt;Dataset&gt;BNDL_stylized&lt;/Dataset&gt;&lt;DatasetType&gt;esriDTFeatureClass&lt;/DatasetType&gt;&lt;/CIMFeatureDatasetDataConnection&gt;" "&lt;operationSequence&gt;&lt;workflow&gt;&lt;AlterField&gt;&lt;field_name&gt;M49_CD&lt;/field_name&gt;&lt;field_alias&gt;M49 codes&lt;/field_alias&gt;&lt;field_type&gt;TEXT&lt;/field_type&gt;&lt;field_is_nullable&gt;True&lt;/field_is_nullable&gt;&lt;clear_field_alias&gt;False&lt;/clear_field_alias&gt;&lt;/AlterField&gt;&lt;/workflow&gt;&lt;/operationSequence&gt;"</Process><Process ToolSource="c:\program files\arcgis\pro\Resources\ArcToolbox\toolboxes\Data Management Tools.tbx\Merge" Date="20210602" Time="201932">Merge BNDL_stylized;Antarctica_Line C:\Users\paulf\Documents\ArcGIS\Projects\UN_WORK\UN_WORK.gdb\BNDL_stylized_Merge "ISO3CD "ISO3CD" true true false 7 Text 0 0,First,#,BNDL_stylized,ISO3CD,0,7;GlobalID "GlobalID" false false false 38 GlobalID 0 0,First,#,BNDL_stylized,GlobalID,-1,-1;BDYTYP "BDYTYP" true true false 2 Short 0 0,First,#,BNDL_stylized,BDYTYP,-1,-1;ISO2CD "ISO2CD" true true false 512 Text 0 0,First,#,BNDL_stylized,ISO2CD,0,512;M49_CD "M49 codes" true true false 512 Text 0 0,First,#,BNDL_stylized,M49_CD,0,512;NAM_ENG "Name" true true false 512 Text 0 0,First,#,BNDL_stylized,NAM_ENG,0,512;Shape_Length "Shape_Length" false true true 8 Double 0 0,First,#,BNDL_stylized,Shape_Length,-1,-1,Antarctica_Line,Shape_Length,-1,-1;LEFT_FID "LEFT_FID" true true false 4 Long 0 0,First,#,Antarctica_Line,LEFT_FID,-1,-1;RIGHT_FID "RIGHT_FID" true true false 4 Long 0 0,First,#,Antarctica_Line,RIGHT_FID,-1,-1" NO_SOURCE_INFO</Process><Process ToolSource="c:\program files\arcgis\pro\Resources\ArcToolbox\toolboxes\Data Management Tools.tbx\UpdateSchema" Date="20210602" Time="202049">UpdateSchema "CIMDATA=&lt;CIMStandardDataConnection xsi:type='typens:CIMStandardDataConnection' xmlns:xsi='http://www.w3.org/2001/XMLSchema-instance' xmlns:xs='http://www.w3.org/2001/XMLSchema' xmlns:typens='http://www.esri.com/schemas/ArcGIS/2.8.0'&gt;&lt;WorkspaceConnectionString&gt;DATABASE=C:\Users\paulf\Documents\ArcGIS\Projects\UN_WORK\UN_WORK.gdb&lt;/WorkspaceConnectionString&gt;&lt;WorkspaceFactory&gt;FileGDB&lt;/WorkspaceFactory&gt;&lt;Dataset&gt;BNDL_stylized_Merge&lt;/Dataset&gt;&lt;DatasetType&gt;esriDTFeatureClass&lt;/DatasetType&gt;&lt;/CIMStandardDataConnection&gt;" &lt;operationSequence&gt;&lt;workflow&gt;&lt;DeleteField&gt;&lt;field_name&gt;LEFT_FID&lt;/field_name&gt;&lt;field_name&gt;RIGHT_FID&lt;/field_name&gt;&lt;/DeleteField&gt;&lt;/workflow&gt;&lt;/operationSequence&gt;</Process><Process ToolSource="c:\program files\arcgis\pro\Resources\ArcToolbox\toolboxes\Data Management Tools.tbx\CopyMultiple" Date="20210602" Time="202300">CopyMultiple "C:\Users\paulf\Documents\ArcGIS\Projects\UN_WORK\UN_WORK.gdb\BNDL_stylized_Merge FeatureClass" C:\Users\paulf\Documents\JOBS\ONU\maj_stylized\2021geodata\geodata.un.org.gdb\UNgeodata_stylized BNDL_stylized_Merge "BNDL_stylized_Merge FeatureClass BNDL_stylized_Merge #"</Process><Process ToolSource="c:\program files\arcgis\pro\Resources\ArcToolbox\toolboxes\Data Management Tools.tbx\Rename" Date="20210602" Time="202310">Rename C:\Users\paulf\Documents\JOBS\ONU\maj_stylized\2021geodata\geodata.un.org.gdb\UNgeodata_stylized\BNDL_stylized_Merge C:\Users\paulf\Documents\JOBS\ONU\maj_stylized\2021geodata\geodata.un.org.gdb\UNgeodata_stylized\BNDL_stylized FeatureClass</Process><Process ToolSource="c:\program files\arcgis\pro\Resources\ArcToolbox\toolboxes\Data Management Tools.tbx\CopyMultiple" Date="20210602" Time="203920">CopyMultiple "C:\Users\paulf\Documents\JOBS\ONU\maj_stylized\2021geodata\geodata.un.org.gdb\UNgeodata_stylized\BNDL_stylized FeatureClass" C:\Users\paulf\Documents\JOBS\ONU\maj_stylized\2021geodata\geodata.un.org.gdb\UNgeodata_stylized BNDL_stylized_1 "BNDL_stylized FeatureClass BNDL_stylized_1 #"</Process><Process ToolSource="c:\program files\arcgis\pro\Resources\ArcToolbox\toolboxes\Data Management Tools.tbx\Rename" Date="20210602" Time="204014">Rename C:\Users\paulf\Documents\JOBS\ONU\maj_stylized\2021geodata\geodata.un.org.gdb\UNgeodata_stylized\BNDL_stylized_1 C:\Users\paulf\Documents\JOBS\ONU\maj_stylized\2021geodata\geodata.un.org.gdb\UNgeodata_stylized\BNDL_stylized FeatureClass</Process><Process ToolSource="c:\program files\arcgis\pro\Resources\ArcToolbox\toolboxes\Data Management Tools.tbx\UpdateSchema" Date="20210603" Time="102656">UpdateSchema "CIMDATA=&lt;CIMFeatureDatasetDataConnection xsi:type='typens:CIMFeatureDatasetDataConnection' xmlns:xsi='http://www.w3.org/2001/XMLSchema-instance' xmlns:xs='http://www.w3.org/2001/XMLSchema' xmlns:typens='http://www.esri.com/schemas/ArcGIS/2.8.0'&gt;&lt;FeatureDataset&gt;UNgeodata_stylized&lt;/FeatureDataset&gt;&lt;WorkspaceConnectionString&gt;DATABASE=C:\Users\paulf\Documents\JOBS\ONU\maj_stylized\2021geodata\geodata.un.org.gdb&lt;/WorkspaceConnectionString&gt;&lt;WorkspaceFactory&gt;FileGDB&lt;/WorkspaceFactory&gt;&lt;Dataset&gt;BNDL_stylized&lt;/Dataset&gt;&lt;DatasetType&gt;esriDTFeatureClass&lt;/DatasetType&gt;&lt;/CIMFeatureDatasetDataConnection&gt;" &lt;operationSequence&gt;&lt;workflow&gt;&lt;DeleteField&gt;&lt;field_name&gt;NAM_ENG&lt;/field_name&gt;&lt;/DeleteField&gt;&lt;/workflow&gt;&lt;workflow&gt;&lt;AlterField&gt;&lt;field_name&gt;ISO2CD&lt;/field_name&gt;&lt;field_type&gt;TEXT&lt;/field_type&gt;&lt;field_length&gt;5&lt;/field_length&gt;&lt;field_is_nullable&gt;True&lt;/field_is_nullable&gt;&lt;clear_field_alias&gt;False&lt;/clear_field_alias&gt;&lt;/AlterField&gt;&lt;/workflow&gt;&lt;workflow&gt;&lt;AlterField&gt;&lt;field_name&gt;M49_CD&lt;/field_name&gt;&lt;field_type&gt;TEXT&lt;/field_type&gt;&lt;field_length&gt;7&lt;/field_length&gt;&lt;field_is_nullable&gt;True&lt;/field_is_nullable&gt;&lt;clear_field_alias&gt;False&lt;/clear_field_alias&gt;&lt;/AlterField&gt;&lt;/workflow&gt;&lt;/operationSequence&gt;</Process><Process ToolSource="c:\program files\arcgis\pro\Resources\ArcToolbox\toolboxes\Data Management Tools.tbx\UpdateSchema" Date="20210603" Time="102824">UpdateSchema "CIMDATA=&lt;CIMFeatureDatasetDataConnection xsi:type='typens:CIMFeatureDatasetDataConnection' xmlns:xsi='http://www.w3.org/2001/XMLSchema-instance' xmlns:xs='http://www.w3.org/2001/XMLSchema' xmlns:typens='http://www.esri.com/schemas/ArcGIS/2.8.0'&gt;&lt;FeatureDataset&gt;UNgeodata_stylized&lt;/FeatureDataset&gt;&lt;WorkspaceConnectionString&gt;DATABASE=C:\Users\paulf\Documents\JOBS\ONU\maj_stylized\2021geodata\geodata.un.org.gdb&lt;/WorkspaceConnectionString&gt;&lt;WorkspaceFactory&gt;FileGDB&lt;/WorkspaceFactory&gt;&lt;Dataset&gt;BNDL_stylized&lt;/Dataset&gt;&lt;DatasetType&gt;esriDTFeatureClass&lt;/DatasetType&gt;&lt;/CIMFeatureDatasetDataConnection&gt;" "&lt;operationSequence&gt;&lt;workflow&gt;&lt;AlterField&gt;&lt;field_name&gt;ISO2CD&lt;/field_name&gt;&lt;field_type&gt;TEXT&lt;/field_type&gt;&lt;field_length&gt;5&lt;/field_length&gt;&lt;field_is_nullable&gt;True&lt;/field_is_nullable&gt;&lt;clear_field_alias&gt;False&lt;/clear_field_alias&gt;&lt;/AlterField&gt;&lt;/workflow&gt;&lt;workflow&gt;&lt;AlterField&gt;&lt;field_name&gt;M49_CD&lt;/field_name&gt;&lt;field_type&gt;TEXT&lt;/field_type&gt;&lt;field_length&gt;7&lt;/field_length&gt;&lt;field_is_nullable&gt;True&lt;/field_is_nullable&gt;&lt;clear_field_alias&gt;False&lt;/clear_field_alias&gt;&lt;/AlterField&gt;&lt;/workflow&gt;&lt;workflow&gt;&lt;AddField&gt;&lt;field_name&gt;ISO2CD1&lt;/field_name&gt;&lt;field_type&gt;TEXT&lt;/field_type&gt;&lt;field_length&gt;5&lt;/field_length&gt;&lt;field_alias&gt;ISO2CD&lt;/field_alias&gt;&lt;field_is_nullable&gt;True&lt;/field_is_nullable&gt;&lt;field_is_required&gt;False&lt;/field_is_required&gt;&lt;/AddField&gt;&lt;/workflow&gt;&lt;workflow&gt;&lt;AddField&gt;&lt;field_name&gt;M49_CD1&lt;/field_name&gt;&lt;field_type&gt;TEXT&lt;/field_type&gt;&lt;field_length&gt;7&lt;/field_length&gt;&lt;field_alias&gt;M49 codes&lt;/field_alias&gt;&lt;field_is_nullable&gt;True&lt;/field_is_nullable&gt;&lt;field_is_required&gt;False&lt;/field_is_required&gt;&lt;/AddField&gt;&lt;/workflow&gt;&lt;/operationSequence&gt;"</Process><Process ToolSource="c:\program files\arcgis\pro\Resources\ArcToolbox\toolboxes\Data Management Tools.tbx\CalculateField" Date="20210603" Time="102837">CalculateField BNDL_stylized ISO2CD1 !ISO2CD! "Python 3" # Text NO_ENFORCE_DOMAINS</Process><Process ToolSource="c:\program files\arcgis\pro\Resources\ArcToolbox\toolboxes\Data Management Tools.tbx\CalculateField" Date="20210603" Time="102844">CalculateField BNDL_stylized M49_CD1 !M49_CD! "Python 3" # Text NO_ENFORCE_DOMAINS</Process><Process ToolSource="c:\program files\arcgis\pro\Resources\ArcToolbox\toolboxes\Data Management Tools.tbx\UpdateSchema" Date="20210603" Time="102855">UpdateSchema "CIMDATA=&lt;CIMFeatureDatasetDataConnection xsi:type='typens:CIMFeatureDatasetDataConnection' xmlns:xsi='http://www.w3.org/2001/XMLSchema-instance' xmlns:xs='http://www.w3.org/2001/XMLSchema' xmlns:typens='http://www.esri.com/schemas/ArcGIS/2.8.0'&gt;&lt;FeatureDataset&gt;UNgeodata_stylized&lt;/FeatureDataset&gt;&lt;WorkspaceConnectionString&gt;DATABASE=C:\Users\paulf\Documents\JOBS\ONU\maj_stylized\2021geodata\geodata.un.org.gdb&lt;/WorkspaceConnectionString&gt;&lt;WorkspaceFactory&gt;FileGDB&lt;/WorkspaceFactory&gt;&lt;Dataset&gt;BNDL_stylized&lt;/Dataset&gt;&lt;DatasetType&gt;esriDTFeatureClass&lt;/DatasetType&gt;&lt;/CIMFeatureDatasetDataConnection&gt;" &lt;operationSequence&gt;&lt;workflow&gt;&lt;DeleteField&gt;&lt;field_name&gt;ISO2CD&lt;/field_name&gt;&lt;field_name&gt;M49_CD&lt;/field_name&gt;&lt;/DeleteField&gt;&lt;/workflow&gt;&lt;/operationSequence&gt;</Process><Process ToolSource="c:\program files\arcgis\pro\Resources\ArcToolbox\toolboxes\Data Management Tools.tbx\UpdateSchema" Date="20210603" Time="102919">UpdateSchema "CIMDATA=&lt;CIMFeatureDatasetDataConnection xsi:type='typens:CIMFeatureDatasetDataConnection' xmlns:xsi='http://www.w3.org/2001/XMLSchema-instance' xmlns:xs='http://www.w3.org/2001/XMLSchema' xmlns:typens='http://www.esri.com/schemas/ArcGIS/2.8.0'&gt;&lt;FeatureDataset&gt;UNgeodata_stylized&lt;/FeatureDataset&gt;&lt;WorkspaceConnectionString&gt;DATABASE=C:\Users\paulf\Documents\JOBS\ONU\maj_stylized\2021geodata\geodata.un.org.gdb&lt;/WorkspaceConnectionString&gt;&lt;WorkspaceFactory&gt;FileGDB&lt;/WorkspaceFactory&gt;&lt;Dataset&gt;BNDL_stylized&lt;/Dataset&gt;&lt;DatasetType&gt;esriDTFeatureClass&lt;/DatasetType&gt;&lt;/CIMFeatureDatasetDataConnection&gt;" &lt;operationSequence&gt;&lt;workflow&gt;&lt;AlterField&gt;&lt;field_name&gt;ISO2CD1&lt;/field_name&gt;&lt;new_field_name&gt;ISO2CD&lt;/new_field_name&gt;&lt;field_type&gt;TEXT&lt;/field_type&gt;&lt;field_is_nullable&gt;True&lt;/field_is_nullable&gt;&lt;clear_field_alias&gt;False&lt;/clear_field_alias&gt;&lt;/AlterField&gt;&lt;/workflow&gt;&lt;workflow&gt;&lt;AlterField&gt;&lt;field_name&gt;M49_CD1&lt;/field_name&gt;&lt;new_field_name&gt;M49_CD&lt;/new_field_name&gt;&lt;field_type&gt;TEXT&lt;/field_type&gt;&lt;field_is_nullable&gt;True&lt;/field_is_nullable&gt;&lt;clear_field_alias&gt;False&lt;/clear_field_alias&gt;&lt;/AlterField&gt;&lt;/workflow&gt;&lt;/operationSequence&gt;</Process></lineage><itemProps><itemLocation><linkage Sync="TRUE">Server=DFS-AGS2-01.DPKO.UN.ORG,DFS-AGS2-02.DPKO.UN.ORG; Service=DSID=3b9552f9-43f7-410a-acb7-86cb750813d6; Database=db_c4f0x; User=hsu_g8ant; Version=sde.DEFAULT</linkage><protocol Sync="TRUE">ArcSDE Connection</protocol></itemLocation><itemName Sync="TRUE">BNDL_stylized_EckIV</itemName><imsContentType Sync="TRUE">002</imsContentType><nativeExtBox><westBL Sync="TRUE">-16058903.282722</westBL><eastBL Sync="TRUE">16712954.450645</eastBL><southBL Sync="TRUE">-8460578.490807</southBL><northBL Sync="TRUE">8416704.869697</northBL><exTypeCode Sync="TRUE">1</exTypeCode></nativeExtBox><itemSize Sync="TRUE">0.110</itemSize></itemProps><coordRef><type Sync="TRUE">Projected</type><geogcsn Sync="TRUE">GCS_WGS_1984</geogcsn><csUnits Sync="TRUE">Linear Unit: Meter (1.000000)</csUnits><projcsn Sync="TRUE">World_Eckert_IV</projcsn><peXml Sync="TRUE">&lt;ProjectedCoordinateSystem xsi:type='typens:ProjectedCoordinateSystem' xmlns:xsi='http://www.w3.org/2001/XMLSchema-instance' xmlns:xs='http://www.w3.org/2001/XMLSchema' xmlns:typens='http://www.esri.com/schemas/ArcGIS/10.8'&gt;&lt;WKT&gt;PROJCS[&amp;quot;World_Eckert_IV&amp;quot;,GEOGCS[&amp;quot;GCS_WGS_1984&amp;quot;,DATUM[&amp;quot;D_WGS_1984&amp;quot;,SPHEROID[&amp;quot;WGS_1984&amp;quot;,6378137.0,298.257223563]],PRIMEM[&amp;quot;Greenwich&amp;quot;,0.0],UNIT[&amp;quot;Degree&amp;quot;,0.0174532925199433]],PROJECTION[&amp;quot;Eckert_IV&amp;quot;],PARAMETER[&amp;quot;False_Easting&amp;quot;,0.0],PARAMETER[&amp;quot;False_Northing&amp;quot;,0.0],PARAMETER[&amp;quot;Central_Meridian&amp;quot;,11.0],UNIT[&amp;quot;Meter&amp;quot;,1.0]]&lt;/WKT&gt;&lt;XOrigin&gt;-16921400&lt;/XOrigin&gt;&lt;YOrigin&gt;-8460800&lt;/YOrigin&gt;&lt;XYScale&gt;10000&lt;/XYScale&gt;&lt;ZOrigin&gt;-100000&lt;/ZOrigin&gt;&lt;ZScale&gt;10000&lt;/ZScale&gt;&lt;MOrigin&gt;-100000&lt;/MOrigin&gt;&lt;MScale&gt;10000&lt;/MScale&gt;&lt;XYTolerance&gt;0.001&lt;/XYTolerance&gt;&lt;ZTolerance&gt;0.001&lt;/ZTolerance&gt;&lt;MTolerance&gt;0.001&lt;/MTolerance&gt;&lt;HighPrecision&gt;true&lt;/HighPrecision&gt;&lt;/ProjectedCoordinateSystem&gt;</peXml></coordRef></DataProperties><SyncDate>20221018</SyncDate><SyncTime>16592400</SyncTime><ModDate>20221018</ModDate><ModTime>16592400</ModTime><ArcGISstyle>ISO 19139 Metadata Implementation Specification</ArcGISstyle></Esri><dataIdInfo><envirDesc Sync="TRUE"> Version 6.2 (Build 9200) ; Esri ArcGIS 10.8.1.14362</envirDesc><dataLang><languageCode value="eng" Sync="TRUE"/><countryCode value="USA" Sync="TRUE"/></dataLang><idCitation><resTitle Sync="TRUE">BNDL_stylized_EckIV</resTitle><presForm><PresFormCd value="005" Sync="TRUE"/></presForm></idCitation><spatRpType><SpatRepTypCd value="001" Sync="TRUE"/></spatRpType><dataExt><geoEle><GeoBndBox esriExtentType="search"><exTypeCode Sync="TRUE">1</exTypeCode><westBL Sync="TRUE">-180.000000</westBL><eastBL Sync="TRUE">180.000000</eastBL><northBL Sync="TRUE">85.485039</northBL><southBL Sync="TRUE">-89.900002</southBL></GeoBndBox></geoEle></dataExt></dataIdInfo><mdLang><languageCode value="eng" Sync="TRUE"/><countryCode value="USA" Sync="TRUE"/></mdLang><distInfo><distFormat><formatName Sync="TRUE">File Geodatabase Feature Class</formatName></distFormat><distTranOps><transSize Sync="TRUE">0.110</transSize></distTranOps></distInfo><mdHrLv><ScopeCd value="005" Sync="TRUE"/></mdHrLv><mdHrLvName Sync="TRUE">dataset</mdHrLvName><refSysInfo><RefSystem><refSysID><identCode code="0" Sync="TRUE"/></refSysID></RefSystem></refSysInfo><spatRepInfo><VectSpatRep><geometObjs Name="BNDL_stylized_EckIV"><geoObjTyp><GeoObjTypCd value="002" Sync="TRUE"/></geoObjTyp><geoObjCnt Sync="TRUE">0</geoObjCnt></geometObjs><topLvl><TopoLevCd value="001" Sync="TRUE"/></topLvl></VectSpatRep></spatRepInfo><spdoinfo><ptvctinf><esriterm Name="BNDL_stylized_EckIV"><efeatyp Sync="TRUE">Simple</efeatyp><efeageom code="3" Sync="TRUE"/><esritopo Sync="TRUE">FALSE</esritopo><efeacnt Sync="TRUE">0</efeacnt><spindex Sync="TRUE">TRUE</spindex><linrefer Sync="TRUE">FALSE</linrefer></esriterm></ptvctinf></spdoinfo><eainfo><detailed Name="BNDL_stylized_EckIV"><enttyp><enttypl Sync="TRUE">BNDL_stylized_EckIV</enttypl><enttypt Sync="TRUE">Feature Class</enttypt><enttypc Sync="TRUE">0</enttypc></enttyp><attr><attrlabl Sync="TRUE">OBJECTID_1</attrlabl><attalias Sync="TRUE">FID</attalias><attrtype Sync="TRUE">OID</attrtype><attwidth Sync="TRUE">4</attwidth><atprecis Sync="TRUE">0</atprecis><attscale Sync="TRUE">0</attscale><attrdef Sync="TRUE">Internal feature number.</attrdef><attrdefs Sync="TRUE">Esri</attrdefs><attrdomv><udom Sync="TRUE">Sequential unique whole numbers that are automatically generated.</udom></attrdomv></attr><attr><attrlabl Sync="TRUE">OBJECTID</attrlabl><attalias Sync="TRUE">OBJECTID</attalias><attrtype Sync="TRUE">Integer</attrtype><attwidth Sync="TRUE">4</attwidth><atprecis Sync="TRUE">0</atprecis><attscale Sync="TRUE">0</attscale><attrdef Sync="TRUE">Internal feature number.</attrdef><attrdefs Sync="TRUE">Esri</attrdefs><attrdomv><udom Sync="TRUE">Sequential unique whole numbers that are automatically generated.</udom></attrdomv></attr><attr><attrlabl Sync="TRUE">Shape</attrlabl><attalias Sync="TRUE">Shape</attalias><attrtype Sync="TRUE">Geometry</attrtype><attwidth Sync="TRUE">0</attwidth><atprecis Sync="TRUE">0</atprecis><attscale Sync="TRUE">0</attscale><attrdef Sync="TRUE">Feature geometry.</attrdef><attrdefs Sync="TRUE">Esri</attrdefs><attrdomv><udom Sync="TRUE">Coordinates defining the features.</udom></attrdomv></attr><attr><attrlabl Sync="TRUE">ISO3CD</attrlabl><attalias Sync="TRUE">ISO3CD</attalias><attrtype Sync="TRUE">String</attrtype><attwidth Sync="TRUE">7</attwidth><atprecis Sync="TRUE">0</atprecis><attscale Sync="TRUE">0</attscale></attr><attr><attrlabl Sync="TRUE">GlobalID</attrlabl><attalias Sync="TRUE">GlobalID</attalias><attrtype Sync="TRUE">String</attrtype><attwidth Sync="TRUE">38</attwidth><atprecis Sync="TRUE">0</atprecis><attscale Sync="TRUE">0</attscale></attr><attr><attrlabl Sync="TRUE">BDYTYP</attrlabl><attalias Sync="TRUE">BDYTYP</attalias><attrtype Sync="TRUE">Integer</attrtype><attwidth Sync="TRUE">4</attwidth><atprecis Sync="TRUE">0</atprecis><attscale Sync="TRUE">0</attscale></attr><attr><attrlabl Sync="TRUE">ISO2CD</attrlabl><attalias Sync="TRUE">ISO2CD</attalias><attrtype Sync="TRUE">String</attrtype><attwidth Sync="TRUE">5</attwidth><atprecis Sync="TRUE">0</atprecis><attscale Sync="TRUE">0</attscale></attr><attr><attrlabl Sync="TRUE">M49_CD</attrlabl><attalias Sync="TRUE">M49_CD</attalias><attrtype Sync="TRUE">String</attrtype><attwidth Sync="TRUE">7</attwidth><atprecis Sync="TRUE">0</atprecis><attscale Sync="TRUE">0</attscale></attr><attr><attrlabl Sync="TRUE">Shape_STLe</attrlabl><attalias Sync="TRUE">Shape_STLe</attalias><attrtype Sync="TRUE">Double</attrtype><attwidth Sync="TRUE">8</attwidth><atprecis Sync="TRUE">0</atprecis><attscale Sync="TRUE">0</attscale></attr><attr><attrlabl Sync="TRUE">Shape_Length</attrlabl><attalias Sync="TRUE">Shape_Length</attalias><attrtype Sync="TRUE">Double</attrtype><attwidth Sync="TRUE">8</attwidth><atprecis Sync="TRUE">0</atprecis><attscale Sync="TRUE">0</attscale><attrdef Sync="TRUE">Length of feature in internal units.</attrdef><attrdefs Sync="TRUE">Esri</attrdefs><attrdomv><udom Sync="TRUE">Positive real numbers that are automatically generated.</udom></attrdomv></attr></detailed></eainfo><mdDateSt Sync="TRUE">20221018</mdDateSt><mdChar><CharSetCd value="004" Sync="TRUE"/></mdChar></metadata>
