<?xml version="1.0" encoding="UTF-8"?>
<metadata xml:lang="fr"><Esri><CreaDate>20230612</CreaDate><CreaTime>19044200</CreaTime><ArcGISFormat>1.0</ArcGISFormat><SyncOnce>FALSE</SyncOnce><DataProperties><lineage><Process ToolSource="c:\program files\arcgis\pro\Resources\ArcToolbox\toolboxes\Conversion Tools.tbx\FeatureClassToFeatureClass" Date="20210526" Time="143457">FeatureClassToFeatureClass BNDA_stylized C:\Users\paulf\Documents\ArcGIS\Projects\UN_WORK\UN_WORK.gdb export2 # "ISO3CD "ISO3CD" true true false 3 Text 0 0,First,#,BNDA_stylized,BNDA_stylized.ISO3CD,0,3;STSCOD "STSCOD" true true false 2 Short 0 0,First,#,BNDA_stylized,BNDA_stylized.STSCOD,-1,-1;ISOADM "ISOADM" true true false 3 Text 0 0,First,#,BNDA_stylized,BNDA_stylized.ISOADM,0,3;M49_CD "M49 codes" true true false 3 Text 0 0,First,#,BNDA_stylized,BNDA_stylized.M49_CD,0,3;NAM_EN "Name (En.)" true true false 100 Text 0 0,First,#,BNDA_stylized,BNDA_stylized.NAM_EN,0,100;LBL_EN "Cartographic label (En.)" true true false 150 Text 0 0,First,#,BNDA_stylized,BNDA_stylized.LBL_EN,0,150;GEOREG "Geographic region" true true false 10 Text 0 0,First,#,BNDA_stylized,BNDA_stylized.GEOREG,0,10;GEOREG_CODE "Region code" true true false 4 Long 0 0,First,#,BNDA_stylized,BNDA_stylized.GEOREG_CODE,-1,-1;GEOREG_NAME "Region name" true true false 8000 Text 0 0,First,#,BNDA_stylized,BNDA_stylized.GEOREG_NAME,0,8000;SUBREGION_CODE "Sub-region code" true true false 4 Long 0 0,First,#,BNDA_stylized,BNDA_stylized.SUBREGION_CODE,-1,-1;SUBREGION_NAME "Sub-region name" true true false 8000 Text 0 0,First,#,BNDA_stylized,BNDA_stylized.SUBREGION_NAME,0,8000;INTREG_CODE "Intermediary region code" true true false 4 Long 0 0,First,#,BNDA_stylized,BNDA_stylized.INTREG_CODE,-1,-1;INTREG_NAME "Intermediary region name" true true false 8000 Text 0 0,First,#,BNDA_stylized,BNDA_stylized.INTREG_NAME,0,8000;ISO2CD "ISO2CD" true true false 8000 Text 0 0,First,#,BNDA_stylized,BNDA_stylized.ISO2CD,0,8000;NAM_FR "Name (Fr.)" true true false 8000 Text 0 0,First,#,BNDA_stylized,BNDA_stylized.NAM_FR,0,8000;LBL_FR "Cartographic label (Fr.)" true true false 8000 Text 0 0,First,#,BNDA_stylized,BNDA_stylized.LBL_FR,0,8000;Shape_Length "Shape_Length" false true true 8 Double 0 0,First,#,BNDA_stylized,BNDA_stylized.Shape_Length,-1,-1;Shape_Area "Shape_Area" false true true 8 Double 0 0,First,#,BNDA_stylized,BNDA_stylized.Shape_Area,-1,-1;OBJECTID "OBJECTID" false true false 4 Long 0 9,First,#,BNDA_stylized,noms_pays_fr_iso3_iso2.OBJECTID,-1,-1;Country_or_Area "Country or Area" true true false 8000 Text 0 0,First,#,BNDA_stylized,noms_pays_fr_iso3_iso2.Country_or_Area,0,8000;ISO_alpha2_Code "ISO-alpha2 Code" true true false 8000 Text 0 0,First,#,BNDA_stylized,noms_pays_fr_iso3_iso2.ISO_alpha2_Code,0,8000;ISO_alpha3_Code "ISO-alpha3 Code" true true false 8000 Text 0 0,First,#,BNDA_stylized,noms_pays_fr_iso3_iso2.ISO_alpha3_Code,0,8000" #</Process><Process ToolSource="c:\program files\arcgis\pro\Resources\ArcToolbox\toolboxes\Data Management Tools.tbx\CopyMultiple" Date="20210526" Time="143625">CopyMultiple "C:\Users\paulf\Documents\ArcGIS\Projects\UN_WORK\UN_WORK.gdb\export2 FeatureClass" C:\Users\paulf\Documents\JOBS\ONU\maj_stylized\2021geodata\geodata.un.org.gdb\UNgeodata_stylized export2 "export2 FeatureClass export2 #"</Process><Process ToolSource="c:\program files\arcgis\pro\Resources\ArcToolbox\toolboxes\Data Management Tools.tbx\Rename" Date="20210526" Time="143643">Rename C:\Users\paulf\Documents\JOBS\ONU\maj_stylized\2021geodata\geodata.un.org.gdb\UNgeodata_stylized\export2 C:\Users\paulf\Documents\JOBS\ONU\maj_stylized\2021geodata\geodata.un.org.gdb\UNgeodata_stylized\BNDA_stylized FeatureClass</Process><Process ToolSource="c:\program files\arcgis\pro\Resources\ArcToolbox\toolboxes\Data Management Tools.tbx\UpdateSchema" Date="20210526" Time="143808">UpdateSchema "CIMDATA=&lt;CIMFeatureDatasetDataConnection xsi:type='typens:CIMFeatureDatasetDataConnection' xmlns:xsi='http://www.w3.org/2001/XMLSchema-instance' xmlns:xs='http://www.w3.org/2001/XMLSchema' xmlns:typens='http://www.esri.com/schemas/ArcGIS/2.8.0'&gt;&lt;FeatureDataset&gt;UNgeodata_stylized&lt;/FeatureDataset&gt;&lt;WorkspaceConnectionString&gt;DATABASE=C:\Users\paulf\Documents\JOBS\ONU\maj_stylized\2021geodata\geodata.un.org.gdb&lt;/WorkspaceConnectionString&gt;&lt;WorkspaceFactory&gt;FileGDB&lt;/WorkspaceFactory&gt;&lt;Dataset&gt;BNDA_stylized&lt;/Dataset&gt;&lt;DatasetType&gt;esriDTFeatureClass&lt;/DatasetType&gt;&lt;/CIMFeatureDatasetDataConnection&gt;" &lt;operationSequence&gt;&lt;workflow&gt;&lt;DeleteField&gt;&lt;field_name&gt;NAM_FR&lt;/field_name&gt;&lt;field_name&gt;ISO_alpha2_Code&lt;/field_name&gt;&lt;field_name&gt;ISO_alpha3_Code&lt;/field_name&gt;&lt;/DeleteField&gt;&lt;/workflow&gt;&lt;/operationSequence&gt;</Process><Process ToolSource="c:\program files\arcgis\pro\Resources\ArcToolbox\toolboxes\Data Management Tools.tbx\UpdateSchema" Date="20210526" Time="143914">UpdateSchema "CIMDATA=&lt;CIMFeatureDatasetDataConnection xsi:type='typens:CIMFeatureDatasetDataConnection' xmlns:xsi='http://www.w3.org/2001/XMLSchema-instance' xmlns:xs='http://www.w3.org/2001/XMLSchema' xmlns:typens='http://www.esri.com/schemas/ArcGIS/2.8.0'&gt;&lt;FeatureDataset&gt;UNgeodata_stylized&lt;/FeatureDataset&gt;&lt;WorkspaceConnectionString&gt;DATABASE=C:\Users\paulf\Documents\JOBS\ONU\maj_stylized\2021geodata\geodata.un.org.gdb&lt;/WorkspaceConnectionString&gt;&lt;WorkspaceFactory&gt;FileGDB&lt;/WorkspaceFactory&gt;&lt;Dataset&gt;BNDA_stylized&lt;/Dataset&gt;&lt;DatasetType&gt;esriDTFeatureClass&lt;/DatasetType&gt;&lt;/CIMFeatureDatasetDataConnection&gt;" &lt;operationSequence&gt;&lt;workflow&gt;&lt;AlterField&gt;&lt;field_name&gt;Country_or_Area&lt;/field_name&gt;&lt;new_field_name&gt;NAME_FR&lt;/new_field_name&gt;&lt;field_type&gt;TEXT&lt;/field_type&gt;&lt;field_is_nullable&gt;True&lt;/field_is_nullable&gt;&lt;clear_field_alias&gt;False&lt;/clear_field_alias&gt;&lt;/AlterField&gt;&lt;/workflow&gt;&lt;/operationSequence&gt;</Process><Process ToolSource="c:\program files\arcgis\pro\Resources\ArcToolbox\toolboxes\Data Management Tools.tbx\CalculateField" Date="20210526" Time="210215">CalculateField BNDA_stylized IS_iso3cd_duplicate isDuplicate(!ISO3CD!) "Python 3" "uniqueList = []
def isDuplicate(inValue):
  if inValue in uniqueList:
    return 1
  else:
    uniqueList.append(inValue)
    return 0" Text NO_ENFORCE_DOMAINS</Process><Process ToolSource="c:\program files\arcgis\pro\Resources\ArcToolbox\toolboxes\Data Management Tools.tbx\DeleteField" Date="20210526" Time="210405">DeleteField BNDA_stylized IS_iso3cd_duplicate</Process><Process ToolSource="c:\program files\arcgis\pro\Resources\ArcToolbox\Toolboxes\Data Management Tools.tbx\UpdateSchema" Date="20210527" Time="234157">UpdateSchema "CIMDATA=&lt;CIMFeatureDatasetDataConnection xsi:type='typens:CIMFeatureDatasetDataConnection' xmlns:xsi='http://www.w3.org/2001/XMLSchema-instance' xmlns:xs='http://www.w3.org/2001/XMLSchema' xmlns:typens='http://www.esri.com/schemas/ArcGIS/2.8.0'&gt;&lt;FeatureDataset&gt;UNgeodata_stylized&lt;/FeatureDataset&gt;&lt;WorkspaceConnectionString&gt;DATABASE=C:\Users\paulf\Documents\JOBS\ONU\maj_stylized\2021geodata\geodata.un.org.gdb&lt;/WorkspaceConnectionString&gt;&lt;WorkspaceFactory&gt;FileGDB&lt;/WorkspaceFactory&gt;&lt;Dataset&gt;BNDA_stylized&lt;/Dataset&gt;&lt;DatasetType&gt;esriDTFeatureClass&lt;/DatasetType&gt;&lt;/CIMFeatureDatasetDataConnection&gt;" &lt;operationSequence&gt;&lt;workflow&gt;&lt;DeleteField&gt;&lt;field_name&gt;ISOADM&lt;/field_name&gt;&lt;/DeleteField&gt;&lt;/workflow&gt;&lt;/operationSequence&gt;</Process><Process ToolSource="c:\program files\arcgis\pro\Resources\ArcToolbox\toolboxes\Data Management Tools.tbx\Merge" Date="20210528" Time="094422">Merge BNDA_stylized;aksai_chin_ok C:\Users\paulf\Documents\ArcGIS\Projects\UN_WORK\UN_WORK.gdb\BNDA_stylized_Merge "ISO3CD "ISO3CD" true true false 3 Text 0 0,First,#,BNDA_stylized,ISO3CD,0,3,aksai_chin_ok,ISO3CD,0,3;STSCOD "STSCOD" true true false 2 Short 0 0,First,#,BNDA_stylized,STSCOD,-1,-1,aksai_chin_ok,STSCOD,-1,-1;M49_CD "M49 codes" true true false 3 Text 0 0,First,#,BNDA_stylized,M49_CD,0,3,aksai_chin_ok,M49_CD,0,3;NAM_EN "Name (En.)" true true false 100 Text 0 0,First,#,BNDA_stylized,NAM_EN,0,100,aksai_chin_ok,NAM_EN,0,100;LBL_EN "Cartographic label (En.)" true true false 150 Text 0 0,First,#,BNDA_stylized,LBL_EN,0,150,aksai_chin_ok,LBL_EN,0,150;GEOREG "Geographic region" true true false 10 Text 0 0,First,#,BNDA_stylized,GEOREG,0,10,aksai_chin_ok,GEOREG,0,10;GEOREG_CODE "Region code" true true false 4 Long 0 0,First,#,BNDA_stylized,GEOREG_CODE,-1,-1;GEOREG_NAME "Region name" true true false 8000 Text 0 0,First,#,BNDA_stylized,GEOREG_NAME,0,8000;SUBREGION_CODE "Sub-region code" true true false 4 Long 0 0,First,#,BNDA_stylized,SUBREGION_CODE,-1,-1;SUBREGION_NAME "Sub-region name" true true false 8000 Text 0 0,First,#,BNDA_stylized,SUBREGION_NAME,0,8000;INTREG_CODE "Intermediary region code" true true false 4 Long 0 0,First,#,BNDA_stylized,INTREG_CODE,-1,-1;INTREG_NAME "Intermediary region name" true true false 8000 Text 0 0,First,#,BNDA_stylized,INTREG_NAME,0,8000;ISO2CD "ISO2CD" true true false 8000 Text 0 0,First,#,BNDA_stylized,ISO2CD,0,8000,aksai_chin_ok,ISO2CD,0,2;LBL_FR "Cartographic label (Fr.)" true true false 8000 Text 0 0,First,#,BNDA_stylized,LBL_FR,0,8000,aksai_chin_ok,LBL_FR,0,150;NAME_FR "Name ( Fr.)" true true false 8000 Text 0 0,First,#,BNDA_stylized,NAME_FR,0,8000;Shape_Length "Shape_Length" false true true 8 Double 0 0,First,#,BNDA_stylized,Shape_Length,-1,-1,aksai_chin_ok,Shape_Length,-1,-1;Shape_Area "Shape_Area" false true true 8 Double 0 0,First,#,BNDA_stylized,Shape_Area,-1,-1,aksai_chin_ok,Shape_Area,-1,-1;ISOADM "ISOADM" true true false 3 Text 0 0,First,#,aksai_chin_ok,ISOADM,0,3;SUBREG "Sub-regions" true true false 50 Text 0 0,First,#,aksai_chin_ok,SUBREG,0,50;INTREG "Intermediary regions" true true false 50 Text 0 0,First,#,aksai_chin_ok,INTREG,0,50;NAM_FR "Name (Fr.)" true true false 100 Text 0 0,First,#,aksai_chin_ok,NAM_FR,0,100" NO_SOURCE_INFO</Process><Process ToolSource="c:\program files\arcgis\pro\Resources\ArcToolbox\toolboxes\Data Management Tools.tbx\UpdateSchema" Date="20210528" Time="095034">UpdateSchema "CIMDATA=&lt;CIMStandardDataConnection xsi:type='typens:CIMStandardDataConnection' xmlns:xsi='http://www.w3.org/2001/XMLSchema-instance' xmlns:xs='http://www.w3.org/2001/XMLSchema' xmlns:typens='http://www.esri.com/schemas/ArcGIS/2.8.0'&gt;&lt;WorkspaceConnectionString&gt;DATABASE=C:\Users\paulf\Documents\ArcGIS\Projects\UN_WORK\UN_WORK.gdb&lt;/WorkspaceConnectionString&gt;&lt;WorkspaceFactory&gt;FileGDB&lt;/WorkspaceFactory&gt;&lt;Dataset&gt;BNDA_stylized_Merge&lt;/Dataset&gt;&lt;DatasetType&gt;esriDTFeatureClass&lt;/DatasetType&gt;&lt;/CIMStandardDataConnection&gt;" &lt;operationSequence&gt;&lt;workflow&gt;&lt;DeleteField&gt;&lt;field_name&gt;ISOADM&lt;/field_name&gt;&lt;/DeleteField&gt;&lt;/workflow&gt;&lt;/operationSequence&gt;</Process><Process ToolSource="c:\program files\arcgis\pro\Resources\ArcToolbox\toolboxes\Data Management Tools.tbx\CopyMultiple" Date="20210528" Time="095511">CopyMultiple "C:\Users\paulf\Documents\ArcGIS\Projects\UN_WORK\UN_WORK.gdb\BNDA_stylized_Merge FeatureClass" C:\Users\paulf\Documents\JOBS\ONU\maj_stylized\2021geodata\geodata.un.org.gdb\UNgeodata_stylized BNDA_stylized_Merge "BNDA_stylized_Merge FeatureClass BNDA_stylized_Merge #"</Process><Process ToolSource="c:\program files\arcgis\pro\Resources\ArcToolbox\toolboxes\Data Management Tools.tbx\Rename" Date="20210528" Time="095535">Rename C:\Users\paulf\Documents\JOBS\ONU\maj_stylized\2021geodata\geodata.un.org.gdb\UNgeodata_stylized\BNDA_stylized_Merge C:\Users\paulf\Documents\JOBS\ONU\maj_stylized\2021geodata\geodata.un.org.gdb\UNgeodata_stylized\BNDA_stylized FeatureClass</Process><Process ToolSource="c:\program files\arcgis\pro\Resources\ArcToolbox\toolboxes\Data Management Tools.tbx\Dissolve" Date="20210528" Time="105619">Dissolve BNDA_stylized C:\Users\paulf\Documents\ArcGIS\Projects\UN_WORK\UN_WORK.gdb\BNDA_REG_stylized GEOREG "GEOREG_NAME FIRST;GEOREG_CODE FIRST" MULTI_PART DISSOLVE_LINES</Process><Process ToolSource="c:\program files\arcgis\pro\Resources\ArcToolbox\toolboxes\Data Management Tools.tbx\UpdateSchema" Date="20210528" Time="141139">UpdateSchema "CIMDATA=&lt;CIMStandardDataConnection xsi:type='typens:CIMStandardDataConnection' xmlns:xsi='http://www.w3.org/2001/XMLSchema-instance' xmlns:xs='http://www.w3.org/2001/XMLSchema' xmlns:typens='http://www.esri.com/schemas/ArcGIS/2.8.0'&gt;&lt;WorkspaceConnectionString&gt;DATABASE=C:\Users\paulf\Documents\ArcGIS\Projects\UN_WORK\UN_WORK.gdb&lt;/WorkspaceConnectionString&gt;&lt;WorkspaceFactory&gt;FileGDB&lt;/WorkspaceFactory&gt;&lt;Dataset&gt;BNDA_REG_stylized&lt;/Dataset&gt;&lt;DatasetType&gt;esriDTFeatureClass&lt;/DatasetType&gt;&lt;/CIMStandardDataConnection&gt;" &lt;operationSequence&gt;&lt;workflow&gt;&lt;AlterField&gt;&lt;field_name&gt;FIRST_GEOREG_NAME&lt;/field_name&gt;&lt;new_field_name&gt;GEOREG_NAME&lt;/new_field_name&gt;&lt;field_type&gt;TEXT&lt;/field_type&gt;&lt;field_is_nullable&gt;True&lt;/field_is_nullable&gt;&lt;clear_field_alias&gt;False&lt;/clear_field_alias&gt;&lt;/AlterField&gt;&lt;/workflow&gt;&lt;workflow&gt;&lt;AlterField&gt;&lt;field_name&gt;FIRST_GEOREG_CODE&lt;/field_name&gt;&lt;new_field_name&gt;GEOREG_CODE&lt;/new_field_name&gt;&lt;field_is_nullable&gt;True&lt;/field_is_nullable&gt;&lt;clear_field_alias&gt;False&lt;/clear_field_alias&gt;&lt;/AlterField&gt;&lt;/workflow&gt;&lt;/operationSequence&gt;</Process><Process ToolSource="c:\program files\arcgis\pro\Resources\ArcToolbox\toolboxes\Data Management Tools.tbx\CopyMultiple" Date="20210528" Time="143331">CopyMultiple "C:\Users\paulf\Documents\ArcGIS\Projects\UN_WORK\UN_WORK.gdb\BNDA_REG_stylized FeatureClass" C:\Users\paulf\Documents\JOBS\ONU\maj_stylized\2021geodata\geodata.un.org.gdb\UNgeodata_stylized BNDA_REG_stylized "BNDA_REG_stylized FeatureClass BNDA_REG_stylized #"</Process><Process ToolSource="c:\program files\arcgis\pro\Resources\ArcToolbox\toolboxes\Data Management Tools.tbx\UpdateSchema" Date="20210602" Time="183658">UpdateSchema "CIMDATA=&lt;CIMFeatureDatasetDataConnection xsi:type='typens:CIMFeatureDatasetDataConnection' xmlns:xsi='http://www.w3.org/2001/XMLSchema-instance' xmlns:xs='http://www.w3.org/2001/XMLSchema' xmlns:typens='http://www.esri.com/schemas/ArcGIS/2.8.0'&gt;&lt;FeatureDataset&gt;UNgeodata_stylized&lt;/FeatureDataset&gt;&lt;WorkspaceConnectionString&gt;DATABASE=C:\Users\paulf\Documents\JOBS\ONU\maj_stylized\2021geodata\geodata.un.org.gdb&lt;/WorkspaceConnectionString&gt;&lt;WorkspaceFactory&gt;FileGDB&lt;/WorkspaceFactory&gt;&lt;Dataset&gt;BNDA_REG_stylized&lt;/Dataset&gt;&lt;DatasetType&gt;esriDTFeatureClass&lt;/DatasetType&gt;&lt;/CIMFeatureDatasetDataConnection&gt;" "&lt;operationSequence&gt;&lt;workflow&gt;&lt;AlterField&gt;&lt;field_name&gt;GEOREG&lt;/field_name&gt;&lt;field_alias&gt;Region&lt;/field_alias&gt;&lt;field_type&gt;TEXT&lt;/field_type&gt;&lt;field_is_nullable&gt;True&lt;/field_is_nullable&gt;&lt;clear_field_alias&gt;False&lt;/clear_field_alias&gt;&lt;/AlterField&gt;&lt;/workflow&gt;&lt;workflow&gt;&lt;AlterField&gt;&lt;field_name&gt;GEOREG_NAME&lt;/field_name&gt;&lt;field_alias&gt;Region name&lt;/field_alias&gt;&lt;field_type&gt;TEXT&lt;/field_type&gt;&lt;field_is_nullable&gt;True&lt;/field_is_nullable&gt;&lt;clear_field_alias&gt;False&lt;/clear_field_alias&gt;&lt;/AlterField&gt;&lt;/workflow&gt;&lt;workflow&gt;&lt;AlterField&gt;&lt;field_name&gt;GEOREG_CODE&lt;/field_name&gt;&lt;field_alias&gt;Region code&lt;/field_alias&gt;&lt;field_is_nullable&gt;True&lt;/field_is_nullable&gt;&lt;clear_field_alias&gt;False&lt;/clear_field_alias&gt;&lt;/AlterField&gt;&lt;/workflow&gt;&lt;/operationSequence&gt;"</Process><Process ToolSource="c:\program files\arcgis\pro\Resources\ArcToolbox\toolboxes\Data Management Tools.tbx\Rename" Date="20210603" Time="102947">Rename C:\Users\paulf\Documents\JOBS\ONU\maj_stylized\2021geodata\geodata.un.org.gdb\UNgeodata_stylized\BNDA_REG_stylized C:\Users\paulf\Documents\JOBS\ONU\maj_stylized\2021geodata\geodata.un.org.gdb\UNgeodata_stylized\GEO_stylized FeatureClass</Process><Process ToolSource="c:\program files\arcgis\pro\Resources\ArcToolbox\toolboxes\Data Management Tools.tbx\Rename" Date="20210603" Time="102958">Rename C:\Users\paulf\Documents\JOBS\ONU\maj_stylized\2021geodata\geodata.un.org.gdb\UNgeodata_stylized\GEO_stylized C:\Users\paulf\Documents\JOBS\ONU\maj_stylized\2021geodata\geodata.un.org.gdb\UNgeodata_stylized\GEOA_stylized FeatureClass</Process><Process ToolSource="c:\program files\arcgis\pro\Resources\ArcToolbox\toolboxes\Data Management Tools.tbx\UpdateSchema" Date="20210604" Time="111003">UpdateSchema "CIMDATA=&lt;CIMFeatureDatasetDataConnection xsi:type='typens:CIMFeatureDatasetDataConnection' xmlns:xsi='http://www.w3.org/2001/XMLSchema-instance' xmlns:xs='http://www.w3.org/2001/XMLSchema' xmlns:typens='http://www.esri.com/schemas/ArcGIS/2.8.0'&gt;&lt;FeatureDataset&gt;UNgeodata_stylized&lt;/FeatureDataset&gt;&lt;WorkspaceConnectionString&gt;DATABASE=C:\Users\paulf\Documents\JOBS\ONU\maj_stylized\2021geodata\geodata.un.org.gdb&lt;/WorkspaceConnectionString&gt;&lt;WorkspaceFactory&gt;FileGDB&lt;/WorkspaceFactory&gt;&lt;Dataset&gt;GEOA_stylized&lt;/Dataset&gt;&lt;DatasetType&gt;esriDTFeatureClass&lt;/DatasetType&gt;&lt;/CIMFeatureDatasetDataConnection&gt;" "&lt;operationSequence&gt;&lt;workflow&gt;&lt;DeleteField&gt;&lt;field_name&gt;GEOREG_NAME&lt;/field_name&gt;&lt;/DeleteField&gt;&lt;/workflow&gt;&lt;workflow&gt;&lt;AlterField&gt;&lt;field_name&gt;GEOREG&lt;/field_name&gt;&lt;field_alias&gt;Geographic regions&lt;/field_alias&gt;&lt;field_type&gt;TEXT&lt;/field_type&gt;&lt;field_is_nullable&gt;True&lt;/field_is_nullable&gt;&lt;clear_field_alias&gt;False&lt;/clear_field_alias&gt;&lt;/AlterField&gt;&lt;/workflow&gt;&lt;/operationSequence&gt;"</Process><Process ToolSource="c:\program files\arcgis\pro\Resources\ArcToolbox\toolboxes\Data Management Tools.tbx\UpdateSchema" Date="20210604" Time="111231">UpdateSchema "CIMDATA=&lt;CIMFeatureDatasetDataConnection xsi:type='typens:CIMFeatureDatasetDataConnection' xmlns:xsi='http://www.w3.org/2001/XMLSchema-instance' xmlns:xs='http://www.w3.org/2001/XMLSchema' xmlns:typens='http://www.esri.com/schemas/ArcGIS/2.8.0'&gt;&lt;FeatureDataset&gt;UNgeodata_stylized&lt;/FeatureDataset&gt;&lt;WorkspaceConnectionString&gt;DATABASE=C:\Users\paulf\Documents\JOBS\ONU\maj_stylized\2021geodata\geodata.un.org.gdb&lt;/WorkspaceConnectionString&gt;&lt;WorkspaceFactory&gt;FileGDB&lt;/WorkspaceFactory&gt;&lt;Dataset&gt;GEOA_stylized&lt;/Dataset&gt;&lt;DatasetType&gt;esriDTFeatureClass&lt;/DatasetType&gt;&lt;/CIMFeatureDatasetDataConnection&gt;" &lt;operationSequence&gt;&lt;workflow&gt;&lt;AlterField&gt;&lt;field_name&gt;GEOREG_CODE&lt;/field_name&gt;&lt;new_field_name&gt;GEO_CD&lt;/new_field_name&gt;&lt;field_is_nullable&gt;True&lt;/field_is_nullable&gt;&lt;clear_field_alias&gt;False&lt;/clear_field_alias&gt;&lt;/AlterField&gt;&lt;/workflow&gt;&lt;/operationSequence&gt;</Process><Process ToolSource="c:\program files\arcgis\pro\Resources\ArcToolbox\toolboxes\Data Management Tools.tbx\UpdateSchema" Date="20210604" Time="111524">UpdateSchema "CIMDATA=&lt;CIMFeatureDatasetDataConnection xsi:type='typens:CIMFeatureDatasetDataConnection' xmlns:xsi='http://www.w3.org/2001/XMLSchema-instance' xmlns:xs='http://www.w3.org/2001/XMLSchema' xmlns:typens='http://www.esri.com/schemas/ArcGIS/2.8.0'&gt;&lt;FeatureDataset&gt;UNgeodata_stylized&lt;/FeatureDataset&gt;&lt;WorkspaceConnectionString&gt;DATABASE=C:\Users\paulf\Documents\JOBS\ONU\maj_stylized\2021geodata\geodata.un.org.gdb&lt;/WorkspaceConnectionString&gt;&lt;WorkspaceFactory&gt;FileGDB&lt;/WorkspaceFactory&gt;&lt;Dataset&gt;GEOA_stylized&lt;/Dataset&gt;&lt;DatasetType&gt;esriDTFeatureClass&lt;/DatasetType&gt;&lt;/CIMFeatureDatasetDataConnection&gt;" "&lt;operationSequence&gt;&lt;workflow&gt;&lt;AlterField&gt;&lt;field_name&gt;GEO_CD&lt;/field_name&gt;&lt;field_alias&gt;Geographic regions code&lt;/field_alias&gt;&lt;field_is_nullable&gt;True&lt;/field_is_nullable&gt;&lt;clear_field_alias&gt;False&lt;/clear_field_alias&gt;&lt;/AlterField&gt;&lt;/workflow&gt;&lt;/operationSequence&gt;"</Process></lineage><itemProps><itemLocation><linkage Sync="TRUE">Server=DFS-AGS2-01.DPKO.UN.ORG,DFS-AGS2-02.DPKO.UN.ORG; Service=DSID=3b9552f9-43f7-410a-acb7-86cb750813d6; Database=db_c4f0x; User=hsu_g8ant; Version=sde.DEFAULT</linkage><protocol Sync="TRUE">ArcSDE Connection</protocol></itemLocation><itemName Sync="TRUE">GEOA_stylized_EckIV</itemName><imsContentType Sync="TRUE">002</imsContentType><nativeExtBox><westBL Sync="TRUE">-16058903.282722</westBL><eastBL Sync="TRUE">16712954.450645</eastBL><southBL Sync="TRUE">-8460578.490807</southBL><northBL Sync="TRUE">8416704.869697</northBL><exTypeCode Sync="TRUE">1</exTypeCode></nativeExtBox><itemSize Sync="TRUE">0.049</itemSize></itemProps><coordRef><type Sync="TRUE">Projected</type><geogcsn Sync="TRUE">GCS_WGS_1984</geogcsn><csUnits Sync="TRUE">Linear Unit: Meter (1.000000)</csUnits><projcsn Sync="TRUE">World_Eckert_IV</projcsn><peXml Sync="TRUE">&lt;ProjectedCoordinateSystem xsi:type='typens:ProjectedCoordinateSystem' xmlns:xsi='http://www.w3.org/2001/XMLSchema-instance' xmlns:xs='http://www.w3.org/2001/XMLSchema' xmlns:typens='http://www.esri.com/schemas/ArcGIS/10.8'&gt;&lt;WKT&gt;PROJCS[&amp;quot;World_Eckert_IV&amp;quot;,GEOGCS[&amp;quot;GCS_WGS_1984&amp;quot;,DATUM[&amp;quot;D_WGS_1984&amp;quot;,SPHEROID[&amp;quot;WGS_1984&amp;quot;,6378137.0,298.257223563]],PRIMEM[&amp;quot;Greenwich&amp;quot;,0.0],UNIT[&amp;quot;Degree&amp;quot;,0.0174532925199433]],PROJECTION[&amp;quot;Eckert_IV&amp;quot;],PARAMETER[&amp;quot;False_Easting&amp;quot;,0.0],PARAMETER[&amp;quot;False_Northing&amp;quot;,0.0],PARAMETER[&amp;quot;Central_Meridian&amp;quot;,11.0],UNIT[&amp;quot;Meter&amp;quot;,1.0]]&lt;/WKT&gt;&lt;XOrigin&gt;-16921400&lt;/XOrigin&gt;&lt;YOrigin&gt;-8460800&lt;/YOrigin&gt;&lt;XYScale&gt;10000&lt;/XYScale&gt;&lt;ZOrigin&gt;-100000&lt;/ZOrigin&gt;&lt;ZScale&gt;10000&lt;/ZScale&gt;&lt;MOrigin&gt;-100000&lt;/MOrigin&gt;&lt;MScale&gt;10000&lt;/MScale&gt;&lt;XYTolerance&gt;0.001&lt;/XYTolerance&gt;&lt;ZTolerance&gt;0.001&lt;/ZTolerance&gt;&lt;MTolerance&gt;0.001&lt;/MTolerance&gt;&lt;HighPrecision&gt;true&lt;/HighPrecision&gt;&lt;/ProjectedCoordinateSystem&gt;</peXml></coordRef></DataProperties><SyncDate>20221018</SyncDate><SyncTime>16591800</SyncTime><ModDate>20221018</ModDate><ModTime>16591800</ModTime><ArcGISstyle>ISO 19139 Metadata Implementation Specification</ArcGISstyle></Esri><dataIdInfo><envirDesc Sync="TRUE"> Version 6.2 (Build 9200) ; Esri ArcGIS 10.8.1.14362</envirDesc><dataLang><languageCode value="eng" Sync="TRUE"/><countryCode value="USA" Sync="TRUE"/></dataLang><idCitation><resTitle Sync="TRUE">GEOA_stylized_EckIV</resTitle><presForm><PresFormCd value="005" Sync="TRUE"/></presForm></idCitation><spatRpType><SpatRepTypCd value="001" Sync="TRUE"/></spatRpType><dataExt><geoEle><GeoBndBox esriExtentType="search"><exTypeCode Sync="TRUE">1</exTypeCode><westBL Sync="TRUE">-180.000000</westBL><eastBL Sync="TRUE">180.000000</eastBL><northBL Sync="TRUE">85.485039</northBL><southBL Sync="TRUE">-89.900002</southBL></GeoBndBox></geoEle></dataExt></dataIdInfo><mdLang><languageCode value="eng" Sync="TRUE"/><countryCode value="USA" Sync="TRUE"/></mdLang><distInfo><distFormat><formatName Sync="TRUE">File Geodatabase Feature Class</formatName></distFormat><distTranOps><transSize Sync="TRUE">0.049</transSize></distTranOps></distInfo><mdHrLv><ScopeCd value="005" Sync="TRUE"/></mdHrLv><mdHrLvName Sync="TRUE">dataset</mdHrLvName><refSysInfo><RefSystem><refSysID><identCode code="0" Sync="TRUE"/></refSysID></RefSystem></refSysInfo><spatRepInfo><VectSpatRep><geometObjs Name="GEOA_stylized_EckIV"><geoObjTyp><GeoObjTypCd value="002" Sync="TRUE"/></geoObjTyp><geoObjCnt Sync="TRUE">0</geoObjCnt></geometObjs><topLvl><TopoLevCd value="001" Sync="TRUE"/></topLvl></VectSpatRep></spatRepInfo><spdoinfo><ptvctinf><esriterm Name="GEOA_stylized_EckIV"><efeatyp Sync="TRUE">Simple</efeatyp><efeageom code="4" Sync="TRUE"/><esritopo Sync="TRUE">FALSE</esritopo><efeacnt Sync="TRUE">0</efeacnt><spindex Sync="TRUE">TRUE</spindex><linrefer Sync="TRUE">FALSE</linrefer></esriterm></ptvctinf></spdoinfo><eainfo><detailed Name="GEOA_stylized_EckIV"><enttyp><enttypl Sync="TRUE">GEOA_stylized_EckIV</enttypl><enttypt Sync="TRUE">Feature Class</enttypt><enttypc Sync="TRUE">0</enttypc></enttyp><attr><attrlabl Sync="TRUE">OBJECTID_1</attrlabl><attalias Sync="TRUE">FID</attalias><attrtype Sync="TRUE">OID</attrtype><attwidth Sync="TRUE">4</attwidth><atprecis Sync="TRUE">0</atprecis><attscale Sync="TRUE">0</attscale><attrdef Sync="TRUE">Internal feature number.</attrdef><attrdefs Sync="TRUE">Esri</attrdefs><attrdomv><udom Sync="TRUE">Sequential unique whole numbers that are automatically generated.</udom></attrdomv></attr><attr><attrlabl Sync="TRUE">OBJECTID</attrlabl><attalias Sync="TRUE">OBJECTID</attalias><attrtype Sync="TRUE">Integer</attrtype><attwidth Sync="TRUE">4</attwidth><atprecis Sync="TRUE">0</atprecis><attscale Sync="TRUE">0</attscale><attrdef Sync="TRUE">Internal feature number.</attrdef><attrdefs Sync="TRUE">Esri</attrdefs><attrdomv><udom Sync="TRUE">Sequential unique whole numbers that are automatically generated.</udom></attrdomv></attr><attr><attrlabl Sync="TRUE">Shape</attrlabl><attalias Sync="TRUE">Shape</attalias><attrtype Sync="TRUE">Geometry</attrtype><attwidth Sync="TRUE">0</attwidth><atprecis Sync="TRUE">0</atprecis><attscale Sync="TRUE">0</attscale><attrdef Sync="TRUE">Feature geometry.</attrdef><attrdefs Sync="TRUE">Esri</attrdefs><attrdomv><udom Sync="TRUE">Coordinates defining the features.</udom></attrdomv></attr><attr><attrlabl Sync="TRUE">GEOREG</attrlabl><attalias Sync="TRUE">GEOREG</attalias><attrtype Sync="TRUE">String</attrtype><attwidth Sync="TRUE">10</attwidth><atprecis Sync="TRUE">0</atprecis><attscale Sync="TRUE">0</attscale></attr><attr><attrlabl Sync="TRUE">GEO_CD</attrlabl><attalias Sync="TRUE">GEO_CD</attalias><attrtype Sync="TRUE">Integer</attrtype><attwidth Sync="TRUE">4</attwidth><atprecis Sync="TRUE">0</atprecis><attscale Sync="TRUE">0</attscale></attr><attr><attrlabl Sync="TRUE">GlobalID</attrlabl><attalias Sync="TRUE">GlobalID</attalias><attrtype Sync="TRUE">String</attrtype><attwidth Sync="TRUE">38</attwidth><atprecis Sync="TRUE">0</atprecis><attscale Sync="TRUE">0</attscale></attr><attr><attrlabl Sync="TRUE">Shape_STAr</attrlabl><attalias Sync="TRUE">Shape_STAr</attalias><attrtype Sync="TRUE">Double</attrtype><attwidth Sync="TRUE">8</attwidth><atprecis Sync="TRUE">0</atprecis><attscale Sync="TRUE">0</attscale></attr><attr><attrlabl Sync="TRUE">Shape_STLe</attrlabl><attalias Sync="TRUE">Shape_STLe</attalias><attrtype Sync="TRUE">Double</attrtype><attwidth Sync="TRUE">8</attwidth><atprecis Sync="TRUE">0</atprecis><attscale Sync="TRUE">0</attscale></attr><attr><attrlabl Sync="TRUE">Shape_Length</attrlabl><attalias Sync="TRUE">Shape_Length</attalias><attrtype Sync="TRUE">Double</attrtype><attwidth Sync="TRUE">8</attwidth><atprecis Sync="TRUE">0</atprecis><attscale Sync="TRUE">0</attscale><attrdef Sync="TRUE">Length of feature in internal units.</attrdef><attrdefs Sync="TRUE">Esri</attrdefs><attrdomv><udom Sync="TRUE">Positive real numbers that are automatically generated.</udom></attrdomv></attr><attr><attrlabl Sync="TRUE">Shape_Area</attrlabl><attalias Sync="TRUE">Shape_Area</attalias><attrtype Sync="TRUE">Double</attrtype><attwidth Sync="TRUE">8</attwidth><atprecis Sync="TRUE">0</atprecis><attscale Sync="TRUE">0</attscale><attrdef Sync="TRUE">Area of feature in internal units squared.</attrdef><attrdefs Sync="TRUE">Esri</attrdefs><attrdomv><udom Sync="TRUE">Positive real numbers that are automatically generated.</udom></attrdomv></attr></detailed></eainfo><mdDateSt Sync="TRUE">20221018</mdDateSt><mdChar><CharSetCd value="004" Sync="TRUE"/></mdChar></metadata>
