<?xml version="1.0" encoding="UTF-8"?>
<metadata xml:lang="en"><Esri><CreaDate>20230612</CreaDate><CreaTime>19044300</CreaTime><ArcGISFormat>1.0</ArcGISFormat><SyncOnce>FALSE</SyncOnce><DataProperties><itemProps><itemName Sync="TRUE">WBYA_stylized_EckIV</itemName><imsContentType Sync="TRUE">002</imsContentType><itemLocation><linkage Sync="TRUE">Server=DFS-AGS2-01.DPKO.UN.ORG,DFS-AGS2-02.DPKO.UN.ORG; Service=DSID=3b9552f9-43f7-410a-acb7-86cb750813d6; Database=db_c4f0x; User=hsu_g8ant; Version=sde.DEFAULT</linkage><protocol Sync="TRUE">ArcSDE Connection</protocol></itemLocation><itemSize Sync="TRUE">0.000</itemSize><nativeExtBox><westBL Sync="TRUE">3122934.165000</westBL><eastBL Sync="TRUE">3771614.287400</eastBL><southBL Sync="TRUE">3930581.652400</southBL><northBL Sync="TRUE">5009934.686800</northBL><exTypeCode Sync="TRUE">1</exTypeCode></nativeExtBox></itemProps><coordRef><type Sync="TRUE">Projected</type><geogcsn Sync="TRUE">GCS_WGS_1984</geogcsn><peXml Sync="TRUE">&lt;ProjectedCoordinateSystem xsi:type='typens:ProjectedCoordinateSystem' xmlns:xsi='http://www.w3.org/2001/XMLSchema-instance' xmlns:xs='http://www.w3.org/2001/XMLSchema' xmlns:typens='http://www.esri.com/schemas/ArcGIS/10.8'&gt;&lt;WKT&gt;PROJCS[&amp;quot;World_Eckert_IV&amp;quot;,GEOGCS[&amp;quot;GCS_WGS_1984&amp;quot;,DATUM[&amp;quot;D_WGS_1984&amp;quot;,SPHEROID[&amp;quot;WGS_1984&amp;quot;,6378137.0,298.257223563]],PRIMEM[&amp;quot;Greenwich&amp;quot;,0.0],UNIT[&amp;quot;Degree&amp;quot;,0.0174532925199433]],PROJECTION[&amp;quot;Eckert_IV&amp;quot;],PARAMETER[&amp;quot;False_Easting&amp;quot;,0.0],PARAMETER[&amp;quot;False_Northing&amp;quot;,0.0],PARAMETER[&amp;quot;Central_Meridian&amp;quot;,11.0],UNIT[&amp;quot;Meter&amp;quot;,1.0]]&lt;/WKT&gt;&lt;XOrigin&gt;-16921400&lt;/XOrigin&gt;&lt;YOrigin&gt;-8460800&lt;/YOrigin&gt;&lt;XYScale&gt;10000&lt;/XYScale&gt;&lt;ZOrigin&gt;-100000&lt;/ZOrigin&gt;&lt;ZScale&gt;10000&lt;/ZScale&gt;&lt;MOrigin&gt;-100000&lt;/MOrigin&gt;&lt;MScale&gt;10000&lt;/MScale&gt;&lt;XYTolerance&gt;0.001&lt;/XYTolerance&gt;&lt;ZTolerance&gt;0.001&lt;/ZTolerance&gt;&lt;MTolerance&gt;0.001&lt;/MTolerance&gt;&lt;HighPrecision&gt;true&lt;/HighPrecision&gt;&lt;/ProjectedCoordinateSystem&gt;</peXml><csUnits Sync="TRUE">Linear Unit: Meter (1.000000)</csUnits><projcsn Sync="TRUE">World_Eckert_IV</projcsn></coordRef><lineage><Process ToolSource="C:\Program Files (x86)\ArcGIS\Desktop10.0\ArcToolbox\Toolboxes\Data Management Tools.tbx\CopyFeatures" Date="20111018" Time="170508">CopyFeatures Y:\Projects\Database_QC\UNmap_processing.gdb\UNmap5\WBYA5 Y:\Projects\Database_QC\sde_UNmap@DPKO-CAT-01.sde\unmap.SDE.UNmap5\unmap.SDE.WBYA5 # 0 0 0</Process><Process ToolSource="C:\Program Files (x86)\ArcGIS\Desktop10.0\ArcToolbox\Toolboxes\Data Management Tools.tbx\CopyFeatures" Date="20111018" Time="173330">CopyFeatures Y:\Projects\Database_QC\sde_UNmap@DPKO-CAT-01.sde\unmap.SDE.UNmap5\unmap.SDE.WBYA5 Y:\Vector-DB\UNmap\00_Geodatabase\UNmapV_20111018\WBYA5.shp # 0 0 0</Process><Process ToolSource="c:\program files (x86)\arcgis\desktop10.6\ArcToolbox\Toolboxes\Conversion Tools.tbx\FeatureClassToFeatureClass" Date="20190205" Time="172908">FeatureClassToFeatureClass Y:\Vector-DB\UNmap\00_Geodatabase\UNmapV_20111018\WBYA5.shp "Database Connections\nyvm2946.UNmap_SDE.sde\unmap_internal.SDE.UNmap_0_infrahydro" WBYA00 # "ID "ID" true true false 10 Long 0 10 ,First,#,Y:\Vector-DB\UNmap\00_Geodatabase\UNmapV_20111018\WBYA5.shp,ID,-1,-1;Name "Name" true true false 254 Text 0 0 ,First,#,Y:\Vector-DB\UNmap\00_Geodatabase\UNmapV_20111018\WBYA5.shp,Name,-1,-1;CNTY "CNTY" true true false 3 Text 0 0 ,First,#,Y:\Vector-DB\UNmap\00_Geodatabase\UNmapV_20111018\WBYA5.shp,CNTY,-1,-1;Type "Type" true true false 5 Long 0 5 ,First,#,Y:\Vector-DB\UNmap\00_Geodatabase\UNmapV_20111018\WBYA5.shp,Type,-1,-1;Perenniali "Perenniali" true true false 5 Long 0 5 ,First,#,Y:\Vector-DB\UNmap\00_Geodatabase\UNmapV_20111018\WBYA5.shp,Perenniali,-1,-1;SHAPE_area "SHAPE_area" true true false 19 Double 0 0 ,First,#,Y:\Vector-DB\UNmap\00_Geodatabase\UNmapV_20111018\WBYA5.shp,SHAPE_area,-1,-1;SHAPE_len "SHAPE_len" true true false 19 Double 0 0 ,First,#,Y:\Vector-DB\UNmap\00_Geodatabase\UNmapV_20111018\WBYA5.shp,SHAPE_len,-1,-1" #</Process><Process ToolSource="c:\program files (x86)\arcgis\desktop10.6\ArcToolbox\Toolboxes\Data Management Tools.tbx\CalculateField" Date="20190219" Time="124838">CalculateField "River assessment\unmap_internal.SDE.WBYA" Name "Aral Sea" VB #</Process><Process ToolSource="c:\program files (x86)\arcgis\desktop10.6\ArcToolbox\Toolboxes\Conversion Tools.tbx\FeatureClassToFeatureClass" Date="20200916" Time="233454">FeatureClassToFeatureClass WBYA_Carto_draft "Database Connections\gisdata.un.org.ungeo.sde\unmap_internal.UNGEO.UNmap_Carto" WBYA_carto # "OBJECTID "OBJECTID" true true false 10 Long 0 10 ,First,#,WBYA_Carto_draft,OBJECTID,-1,-1;ID "ID" true true false 10 Long 0 10 ,First,#,WBYA_Carto_draft,ID,-1,-1;Name "Name" true true false 254 Text 0 0 ,First,#,WBYA_Carto_draft,Name,-1,-1;CNTY "CNTY" true true false 3 Text 0 0 ,First,#,WBYA_Carto_draft,CNTY,-1,-1;Type "Type" true true false 10 Long 0 10 ,First,#,WBYA_Carto_draft,Type,-1,-1;Perenniali "Perenniali" true true false 10 Long 0 10 ,First,#,WBYA_Carto_draft,Perenniali,-1,-1;GlobalID "GlobalID" true true false 38 Text 0 0 ,First,#,WBYA_Carto_draft,GlobalID,-1,-1;Shape_STAr "Shape_STAr" true true false 19 Double 0 0 ,First,#,WBYA_Carto_draft,Shape_STAr,-1,-1;Shape_STLe "Shape_STLe" true true false 19 Double 0 0 ,First,#,WBYA_Carto_draft,Shape_STLe,-1,-1" #</Process><Process ToolSource="c:\program files (x86)\arcgis\desktop10.6\ArcToolbox\Toolboxes\Conversion Tools.tbx\FeatureClassToFeatureClass" Date="20201103" Time="094806">FeatureClassToFeatureClass "Database Connections\gisdata.un.org.ungeo.sde\unmap_internal.UNGEO.UNmap_Carto\unmap_internal.UNGEO.WBYA_carto" "Database Connections\gisdata.un.org.ungeo.sde\unmap_internal.UNGEO.UNmap_cartostyle" WBYA_cartostyle # "OBJECTID "OBJECTID" true true false 4 Long 0 10 ,First,#,Database Connections\gisdata.un.org.ungeo.sde\unmap_internal.UNGEO.UNmap_Carto\unmap_internal.UNGEO.WBYA_carto,OBJECTID,-1,-1;ID "ID" true true false 4 Long 0 10 ,First,#,Database Connections\gisdata.un.org.ungeo.sde\unmap_internal.UNGEO.UNmap_Carto\unmap_internal.UNGEO.WBYA_carto,ID,-1,-1;Name "Name" true true false 254 Text 0 0 ,First,#,Database Connections\gisdata.un.org.ungeo.sde\unmap_internal.UNGEO.UNmap_Carto\unmap_internal.UNGEO.WBYA_carto,Name,-1,-1;CNTY "CNTY" true true false 3 Text 0 0 ,First,#,Database Connections\gisdata.un.org.ungeo.sde\unmap_internal.UNGEO.UNmap_Carto\unmap_internal.UNGEO.WBYA_carto,CNTY,-1,-1;Type "Type" true true false 4 Long 0 10 ,First,#,Database Connections\gisdata.un.org.ungeo.sde\unmap_internal.UNGEO.UNmap_Carto\unmap_internal.UNGEO.WBYA_carto,Type,-1,-1;Perenniali "Perenniali" true true false 4 Long 0 10 ,First,#,Database Connections\gisdata.un.org.ungeo.sde\unmap_internal.UNGEO.UNmap_Carto\unmap_internal.UNGEO.WBYA_carto,Perenniali,-1,-1;GlobalID "GlobalID" true true false 38 Text 0 0 ,First,#,Database Connections\gisdata.un.org.ungeo.sde\unmap_internal.UNGEO.UNmap_Carto\unmap_internal.UNGEO.WBYA_carto,GlobalID,-1,-1;Shape_STAr "Shape_STAr" true true false 8 Double 8 38 ,First,#,Database Connections\gisdata.un.org.ungeo.sde\unmap_internal.UNGEO.UNmap_Carto\unmap_internal.UNGEO.WBYA_carto,Shape_STAr,-1,-1;Shape_STLe "Shape_STLe" true true false 8 Double 8 38 ,First,#,Database Connections\gisdata.un.org.ungeo.sde\unmap_internal.UNGEO.UNmap_Carto\unmap_internal.UNGEO.WBYA_carto,Shape_STLe,-1,-1;Shape_STArea() "Shape_STArea()" false false true 0 Double 0 0 ,First,#,Database Connections\gisdata.un.org.ungeo.sde\unmap_internal.UNGEO.UNmap_Carto\unmap_internal.UNGEO.WBYA_carto,Shape.STArea(),-1,-1;Shape_STLength() "Shape_STLength()" false false true 0 Double 0 0 ,First,#,Database Connections\gisdata.un.org.ungeo.sde\unmap_internal.UNGEO.UNmap_Carto\unmap_internal.UNGEO.WBYA_carto,Shape.STLength(),-1,-1" #</Process></lineage></DataProperties><SyncDate>20221018</SyncDate><SyncTime>16590900</SyncTime><ModDate>20221018</ModDate><ModTime>16590900</ModTime><ArcGISstyle>ISO 19139 Metadata Implementation Specification</ArcGISstyle></Esri><dataIdInfo><envirDesc Sync="TRUE"> Version 6.2 (Build 9200) ; Esri ArcGIS 10.8.1.14362</envirDesc><dataLang><languageCode value="en" country="US"/><countryCode value="USA" Sync="TRUE"/></dataLang><idCitation><resTitle Sync="TRUE">WBYA_stylized_EckIV</resTitle><presForm><PresFormCd value="005"/></presForm></idCitation><descKeys><thesaName uuidref="723f6998-058e-11dc-8314-0800200c9a66"/><keyword Sync="TRUE">002</keyword></descKeys><spatRpType><SpatRepTypCd value="001"/></spatRpType><dataExt><geoEle><GeoBndBox esriExtentType="search"><exTypeCode Sync="TRUE">1</exTypeCode><westBL Sync="TRUE">46.371271</westBL><eastBL Sync="TRUE">56.149537</eastBL><northBL Sync="TRUE">47.007582</northBL><southBL Sync="TRUE">36.795115</southBL></GeoBndBox></geoEle></dataExt></dataIdInfo><mdLang><languageCode value="en"/><countryCode value="USA" Sync="TRUE"/></mdLang><mdChar><CharSetCd value="004"/></mdChar><distInfo><distFormat><formatName Sync="TRUE">File Geodatabase Feature Class</formatName></distFormat><distTranOps><transSize Sync="TRUE">0.000</transSize></distTranOps></distInfo><mdHrLv><ScopeCd value="005"/></mdHrLv><mdHrLvName Sync="TRUE">dataset</mdHrLvName><refSysInfo><RefSystem><refSysID><identCode code="4326"/><idCodeSpace Sync="TRUE">EPSG</idCodeSpace><idVersion Sync="TRUE">6.14(3.0.1)</idVersion></refSysID></RefSystem></refSysInfo><spdoinfo><ptvctinf><esriterm Name="WBYA_stylized_EckIV"><efeatyp Sync="TRUE">Simple</efeatyp><efeageom code="4" Sync="TRUE"/><esritopo Sync="TRUE">FALSE</esritopo><efeacnt Sync="TRUE">0</efeacnt><spindex Sync="TRUE">TRUE</spindex><linrefer Sync="TRUE">FALSE</linrefer></esriterm></ptvctinf></spdoinfo><spatRepInfo><VectSpatRep><geometObjs Name="WBYA_stylized_EckIV"><geoObjTyp><GeoObjTypCd value="002" Sync="TRUE"/></geoObjTyp><geoObjCnt Sync="TRUE">0</geoObjCnt></geometObjs><topLvl><TopoLevCd value="001" Sync="TRUE"/></topLvl></VectSpatRep></spatRepInfo><eainfo><detailed Name="WBYA_stylized_EckIV"><enttyp><enttypl Sync="TRUE">WBYA_stylized_EckIV</enttypl><enttypt Sync="TRUE">Feature Class</enttypt><enttypc Sync="TRUE">0</enttypc></enttyp><attr><attrlabl Sync="TRUE">OBJECTID</attrlabl><attalias Sync="TRUE">FID</attalias><attrtype Sync="TRUE">OID</attrtype><attwidth Sync="TRUE">4</attwidth><atprecis Sync="TRUE">0</atprecis><attscale Sync="TRUE">0</attscale><attrdef Sync="TRUE">Internal feature number.</attrdef><attrdefs Sync="TRUE">Esri</attrdefs><attrdomv><udom Sync="TRUE">Sequential unique whole numbers that are automatically generated.</udom></attrdomv></attr><attr><attrlabl Sync="TRUE">OBJECTID_1</attrlabl><attalias Sync="TRUE">OBJECTID_1</attalias><attrtype Sync="TRUE">Integer</attrtype><attwidth Sync="TRUE">4</attwidth><atprecis Sync="TRUE">0</atprecis><attscale Sync="TRUE">0</attscale><attrdef Sync="TRUE">Internal feature number.</attrdef><attrdefs Sync="TRUE">Esri</attrdefs><attrdomv><udom Sync="TRUE">Sequential unique whole numbers that are automatically generated.</udom></attrdomv></attr><attr><attrlabl Sync="TRUE">SHAPE</attrlabl><attalias Sync="TRUE">Shape</attalias><attrtype Sync="TRUE">Geometry</attrtype><attwidth Sync="TRUE">0</attwidth><atprecis Sync="TRUE">0</atprecis><attscale Sync="TRUE">0</attscale><attrdef Sync="TRUE">Feature geometry.</attrdef><attrdefs Sync="TRUE">ESRI</attrdefs><attrdomv><udom Sync="TRUE">Coordinates defining the features.</udom></attrdomv></attr><attr><attrlabl Sync="TRUE">NAM_EN</attrlabl><attalias Sync="TRUE">NAM_EN</attalias><attrtype Sync="TRUE">String</attrtype><attwidth Sync="TRUE">50</attwidth><atprecis Sync="TRUE">0</atprecis><attscale Sync="TRUE">0</attscale></attr><attr><attrlabl Sync="TRUE">GlobalID</attrlabl><attalias Sync="TRUE">GlobalID</attalias><attrtype Sync="TRUE">String</attrtype><attwidth Sync="TRUE">38</attwidth><atprecis Sync="TRUE">0</atprecis><attscale Sync="TRUE">0</attscale></attr><attr><attrlabl Sync="TRUE">GlobalID_1</attrlabl><attalias Sync="TRUE">GlobalID_1</attalias><attrtype Sync="TRUE">String</attrtype><attwidth Sync="TRUE">38</attwidth><atprecis Sync="TRUE">0</atprecis><attscale Sync="TRUE">0</attscale></attr><attr><attrlabl Sync="TRUE">NAM_FR</attrlabl><attalias Sync="TRUE">NAM_FR</attalias><attrtype Sync="TRUE">String</attrtype><attwidth Sync="TRUE">50</attwidth><atprecis Sync="TRUE">0</atprecis><attscale Sync="TRUE">0</attscale></attr><attr><attrlabl Sync="TRUE">Shape_STAr</attrlabl><attalias Sync="TRUE">Shape_STAr</attalias><attrtype Sync="TRUE">Double</attrtype><attwidth Sync="TRUE">8</attwidth><atprecis Sync="TRUE">0</atprecis><attscale Sync="TRUE">0</attscale></attr><attr><attrlabl Sync="TRUE">Shape_STLe</attrlabl><attalias Sync="TRUE">Shape_STLe</attalias><attrtype Sync="TRUE">Double</attrtype><attwidth Sync="TRUE">8</attwidth><atprecis Sync="TRUE">0</atprecis><attscale Sync="TRUE">0</attscale></attr><attr><attrlabl Sync="TRUE">Shape_Length</attrlabl><attalias Sync="TRUE">Shape_Length</attalias><attrtype Sync="TRUE">Double</attrtype><attwidth Sync="TRUE">8</attwidth><atprecis Sync="TRUE">0</atprecis><attscale Sync="TRUE">0</attscale><attrdef Sync="TRUE">Length of feature in internal units.</attrdef><attrdefs Sync="TRUE">Esri</attrdefs><attrdomv><udom Sync="TRUE">Positive real numbers that are automatically generated.</udom></attrdomv></attr><attr><attrlabl Sync="TRUE">Shape_Area</attrlabl><attalias Sync="TRUE">Shape_Area</attalias><attrtype Sync="TRUE">Double</attrtype><attwidth Sync="TRUE">8</attwidth><atprecis Sync="TRUE">0</atprecis><attscale Sync="TRUE">0</attscale><attrdef Sync="TRUE">Area of feature in internal units squared.</attrdef><attrdefs Sync="TRUE">Esri</attrdefs><attrdomv><udom Sync="TRUE">Positive real numbers that are automatically generated.</udom></attrdomv></attr></detailed></eainfo><mdDateSt Sync="TRUE">20221018</mdDateSt></metadata>
